Org,Experiment,Side,Well_ID,Row,Col,CTG,Compound_ID,Concentration,Units,Description,CTG_Norm
Org49,1,left,A1,A,1,55596,DMSO,0,uM,ctrl,1.308572236
Org49,1,left,A10,A,10,36968,Media,0,uM,ctrl,0.870121923
Org49,1,left,A11,A,11,39702,DMSO,0,uM,ctrl,0.934472532
Org49,1,left,A12,A,12,38554,DMSO,0,uM,ctrl,0.907451866
Org49,1,left,B1,B,1,53684,DMSO,0,uM,ctrl,1.263569176
Org49,1,left,B10,B,10,32975,Carboplatin,0.5,uM,ctrl,0.776138022
Org49,1,left,B11,B,11,31805,Carboplatin,0.2,uM,ctrl,0.748599539
Org49,1,left,B12,B,12,37601,Carboplatin,0.1,uM,ctrl,0.885020948
Org49,1,left,C1,C,1,52399,Media,0,uM,ctrl,1.233323918
Org49,1,left,C10,C,10,40993,Mitomycin_C,0.5,uM,ctrl,0.964859012
Org49,1,left,C11,C,11,49438,Mitomycin_C,0.2,uM,ctrl,1.163630372
Org49,1,left,C12,C,12,44388,Mitomycin_C,0.1,uM,ctrl,1.044767688
Org49,1,left,D1,D,1,43535,DMSO,0,uM,ctrl,1.024690486
Org49,1,left,D10,D,10,5211,Paclitaxel,0.5,uM,ctrl,0.122652168
Org49,1,left,D11,D,11,4079,Paclitaxel,0.2,uM,ctrl,0.096008097
Org49,1,left,D12,D,12,6252,Paclitaxel,0.1,uM,ctrl,0.147154357
Org49,1,left,E1,E,1,41906,DMSO,0,uM,ctrl,0.986348444
Org49,1,left,E10,E,10,5464,Docetaxel,0.5,uM,Sample,0.128607071
Org49,1,left,E11,E,11,6170,Docetaxel,0.2,uM,Sample,0.145224309
Org49,1,left,E12,E,12,8428,Docetaxel,0.1,uM,Sample,0.198371228
Org49,1,left,F1,F,1,42486,DMSO,0,uM,ctrl,1
Org49,1,left,F10,F,10,39442,Doxorubicin,0.5,uM,Sample,0.928352869
Org49,1,left,F11,F,11,29544,Doxorubicin,0.2,uM,Sample,0.695382008
Org49,1,left,F12,F,12,32037,Doxorubicin,0.1,uM,Sample,0.754060161
Org49,1,left,G1,G,1,37227,DMSO,0,uM,ctrl,0.876218048
Org49,1,left,G10,G,10,13721,Topotecan,0.5,uM,Sample,0.322953443
Org49,1,left,G11,G,11,18917,Topotecan,0.2,uM,Sample,0.445252554
Org49,1,left,G12,G,12,31192,Topotecan,0.1,uM,Sample,0.734171256
Org49,1,left,H1,H,1,36417,Media,0,uM,ctrl,0.857152944
Org49,1,left,H10,H,10,9229,Cetuximab,0.5,uM,Sample,0.217224497
Org49,1,left,H11,H,11,8402,Cetuximab,0.2,uM,Sample,0.197759262
Org49,1,left,H12,H,12,7570,Cetuximab,0.1,uM,Sample,0.17817634
Org49,1,left,I1,I,1,37954,DMSO,0,uM,ctrl,0.893329567
Org49,1,left,I10,I,10,43540,Carboplatin,0.5,uM,ctrl,1.024808172
Org49,1,left,I11,I,11,39192,Carboplatin,0.2,uM,ctrl,0.922468578
Org49,1,left,I12,I,12,39163,Carboplatin,0.1,uM,ctrl,0.921786
Org49,1,left,J1,J,1,43014,DMSO,0,uM,ctrl,1.012427623
Org49,1,left,J10,J,10,34253,Mitomycin_C,0.5,uM,ctrl,0.806218519
Org49,1,left,J11,J,11,28985,Mitomycin_C,0.2,uM,ctrl,0.682224733
Org49,1,left,J12,J,12,35657,Mitomycin_C,0.1,uM,ctrl,0.839264699
Org49,1,left,K1,K,1,38606,DMSO,0,uM,ctrl,0.908675799
Org49,1,left,K10,K,10,8769,Paclitaxel,0.5,uM,ctrl,0.206397401
Org49,1,left,K11,K,11,7200,Paclitaxel,0.2,uM,ctrl,0.169467589
Org49,1,left,K12,K,12,7306,Paclitaxel,0.1,uM,ctrl,0.171962529
Org49,1,left,L1,L,1,48120,DMSO,0,uM,ctrl,1.132608389
Org49,1,left,L10,L,10,9811,Docetaxel,0.5,uM,Sample,0.230923128
Org49,1,left,L11,L,11,11727,Docetaxel,0.2,uM,Sample,0.276020336
Org49,1,left,L12,L,12,6333,Docetaxel,0.1,uM,Sample,0.149060867
Org49,1,left,M1,M,1,48912,Media,0,uM,ctrl,1.151249823
Org49,1,left,M10,M,10,39522,Doxorubicin,0.5,uM,Sample,0.930235842
Org49,1,left,M11,M,11,45618,Doxorubicin,0.2,uM,Sample,1.073718401
Org49,1,left,M12,M,12,44134,Doxorubicin,0.1,uM,Sample,1.038789248
Org49,1,left,N1,N,1,64445,DMSO,0,uM,ctrl,1.51685261
Org49,1,left,N10,N,10,7230,Topotecan,0.5,uM,Sample,0.170173704
Org49,1,left,N11,N,11,24724,Topotecan,0.2,uM,Sample,0.581932872
Org49,1,left,N12,N,12,49522,Topotecan,0.1,uM,Sample,1.165607494
Org49,1,left,O1,O,1,39922,DMSO,0,uM,ctrl,0.939650708
Org49,1,left,O10,O,10,9344,Cetuximab,0.5,uM,Sample,0.219931271
Org49,1,left,O11,O,11,9700,Cetuximab,0.2,uM,Sample,0.228310502
Org49,1,left,O12,O,12,8498,Cetuximab,0.1,uM,Sample,0.20001883
Org49,1,left,P1,P,1,41746,DMSO,0,uM,ctrl,0.982582498
Org49,1,left,P10,P,10,45654,Media,0,uM,ctrl,1.074565739
Org49,1,left,P11,P,11,44415,DMSO,0,uM,ctrl,1.045403192
Org49,1,left,P12,P,12,43448,DMSO,0,uM,ctrl,1.022642753
Org49,1,right,A2,A,2,42916,DMSO,0,uM,ctrl,1.383739864
Org49,1,right,A3,A,3,52683,Media,0,uM,ctrl,1.69865708
Org49,1,right,A4,A,4,48314,DMSO,0,uM,ctrl,1.557787486
Org49,1,right,A5,A,5,46352,DMSO,0,uM,ctrl,1.494526754
Org49,1,right,A6,A,6,42620,Media,0,uM,ctrl,1.374195941
Org49,1,right,A7,A,7,39258,DMSO,0,uM,ctrl,1.265795031
Org49,1,right,A8,A,8,40351,Media,0,uM,ctrl,1.301036612
Org49,1,right,A9,A,9,35443,DMSO,0,uM,ctrl,1.142788051
Org49,1,right,A13,A,13,25166,Media,0,uM,ctrl,0.811426913
Org49,1,right,A14,A,14,21421,DMSO,0,uM,ctrl,0.690676941
Org49,1,right,A15,A,15,16364,Media,0,uM,ctrl,0.527624176
Org49,1,right,A16,A,16,22776,DMSO,0,uM,ctrl,0.734366184
Org49,1,right,A17,A,17,21487,Media,0,uM,ctrl,0.692804978
Org49,1,right,A18,A,18,23410,DMSO,0,uM,ctrl,0.754808235
Org49,1,right,A19,A,19,22420,Media,0,uM,ctrl,0.722887682
Org49,1,right,A20,A,20,26762,DMSO,0,uM,ctrl,0.862886714
Org49,1,right,A21,A,21,28576,DMSO,0,uM,ctrl,0.921375486
Org49,1,right,A22,A,22,32787,Media,0,uM,ctrl,1.057150688
Org49,1,right,A23,A,23,32251,DMSO,0,uM,ctrl,1.039868449
Org49,1,right,A24,A,24,26477,Media,0,uM,ctrl,0.853697464
Org49,1,right,B2,B,2,50250,DMSO,0,uM,ctrl,1.620209902
Org49,1,right,B3,B,3,46902,Carboplatin,20,uM,ctrl,1.512260394
Org49,1,right,B4,B,4,43573,Carboplatin,10,uM,ctrl,1.404923504
Org49,1,right,B5,B,5,36755,Carboplatin,7.5,uM,ctrl,1.185090845
Org49,1,right,B6,B,6,38597,Carboplatin,5,uM,ctrl,1.24448242
Org49,1,right,B7,B,7,33923,Carboplatin,2,uM,ctrl,1.093778716
Org49,1,right,B8,B,8,36679,Carboplatin,1,uM,ctrl,1.182640378
Org49,1,right,B9,B,9,31455,Carboplatin,0.75,uM,ctrl,1.014203034
Org49,1,right,B13,B,13,17412,Cisplatin,20,uM,Sample,0.561414822
Org49,1,right,B14,B,14,17933,Cisplatin,10,uM,Sample,0.578213416
Org49,1,right,B15,B,15,14741,Cisplatin,7.5,uM,Sample,0.475293814
Org49,1,right,B16,B,16,15729,Cisplatin,5,uM,Sample,0.507149882
Org49,1,right,B17,B,17,13172,Cisplatin,2,uM,Sample,0.424704574
Org49,1,right,B18,B,18,14864,Cisplatin,1,uM,Sample,0.479259701
Org49,1,right,B19,B,19,11208,Cisplatin,0.75,uM,Sample,0.361379355
Org49,1,right,B20,B,20,16010,Cisplatin,0.5,uM,Sample,0.51621016
Org49,1,right,B21,B,21,18733,Cisplatin,0.2,uM,Sample,0.604007803
Org49,1,right,B22,B,22,20290,Cisplatin,0.1,uM,Sample,0.654210128
Org49,1,right,B23,B,23,20251,DMSO,0,uM,ctrl,0.652952651
Org49,1,right,B24,B,24,26346,DMSO,0,uM,ctrl,0.849473633
Org49,1,right,C2,C,2,54492,DMSO,0,uM,ctrl,1.756984636
Org49,1,right,C3,C,3,54563,Mitomycin_C,20,uM,ctrl,1.759273888
Org49,1,right,C4,C,4,52617,Mitomycin_C,10,uM,ctrl,1.696529043
Org49,1,right,C5,C,5,56890,Mitomycin_C,7.5,uM,ctrl,1.83430331
Org49,1,right,C6,C,6,49734,Mitomycin_C,5,uM,ctrl,1.603572523
Org49,1,right,C7,C,7,47751,Mitomycin_C,2,uM,ctrl,1.539634687
Org49,1,right,C8,C,8,46254,Mitomycin_C,1,uM,ctrl,1.491366941
Org49,1,right,C9,C,9,43583,Mitomycin_C,0.75,uM,ctrl,1.405245933
Org49,1,right,C13,C,13,14009,Oxaliplatin,20,uM,Sample,0.451691951
Org49,1,right,C14,C,14,33370,Oxaliplatin,10,uM,Sample,1.075948347
Org49,1,right,C15,C,15,11687,Oxaliplatin,7.5,uM,Sample,0.376823744
Org49,1,right,C16,C,16,22968,Oxaliplatin,5,uM,Sample,0.740556836
Org49,1,right,C17,C,17,30810,Oxaliplatin,2,uM,Sample,0.99340631
Org49,1,right,C18,C,18,9796,Oxaliplatin,1,uM,Sample,0.315852263
Org49,1,right,C19,C,19,11641,Oxaliplatin,0.75,uM,Sample,0.375340567
Org49,1,right,C20,C,20,8803,Oxaliplatin,0.5,uM,Sample,0.28383498
Org49,1,right,C21,C,21,16831,Oxaliplatin,0.2,uM,Sample,0.542681649
Org49,1,right,C22,C,22,8390,Oxaliplatin,0.1,uM,Sample,0.270518628
Org49,1,right,C23,C,23,14856,Media,0,uM,ctrl,0.479001757
Org49,1,right,C24,C,24,21228,DMSO,0,uM,ctrl,0.684454046
Org49,1,right,D2,D,2,52293,DMSO,0,uM,ctrl,1.686082316
Org49,1,right,D3,D,3,6350,Paclitaxel,20,uM,ctrl,0.204742943
Org49,1,right,D4,D,4,5341,Paclitaxel,10,uM,ctrl,0.172209773
Org49,1,right,D5,D,5,4060,Paclitaxel,7.5,uM,ctrl,0.130906511
Org49,1,right,D6,D,6,5070,Paclitaxel,5,uM,ctrl,0.163471924
Org49,1,right,D7,D,7,4758,Paclitaxel,2,uM,ctrl,0.153412114
Org49,1,right,D8,D,8,5295,Paclitaxel,1,uM,ctrl,0.170726596
Org49,1,right,D9,D,9,5928,Paclitaxel,0.75,uM,ctrl,0.191136404
Org49,1,right,D13,D,13,6831,Irinotecan,20,uM,Sample,0.220251818
Org49,1,right,D14,D,14,8984,Irinotecan,10,uM,Sample,0.28967096
Org49,1,right,D15,D,15,9683,Irinotecan,7.5,uM,Sample,0.312208806
Org49,1,right,D16,D,16,11800,Irinotecan,5,uM,Sample,0.380467201
Org49,1,right,D17,D,17,11384,Irinotecan,2,uM,Sample,0.36705412
Org49,1,right,D18,D,18,12715,Irinotecan,1,uM,Sample,0.40996953
Org49,1,right,D19,D,19,11635,Irinotecan,0.75,uM,Sample,0.375147109
Org49,1,right,D20,D,20,11780,Irinotecan,0.5,uM,Sample,0.379822341
Org49,1,right,D21,D,21,13215,Irinotecan,0.2,uM,Sample,0.426091022
Org49,1,right,D22,D,22,11814,Irinotecan,0.1,uM,Sample,0.380918603
Org49,1,right,D23,D,23,15444,DMSO,0,uM,ctrl,0.497960631
Org49,1,right,D24,D,24,11500,DMSO,0,uM,ctrl,0.370794306
Org49,1,right,E2,E,2,39976,Media,0,uM,ctrl,1.288945493
Org49,1,right,E3,E,3,9110,Docetaxel,20,uM,Sample,0.293733576
Org49,1,right,E4,E,4,6543,Docetaxel,10,uM,Sample,0.210965839
Org49,1,right,E5,E,5,4713,Docetaxel,7.5,uM,Sample,0.151961179
Org49,1,right,E6,E,6,4668,Docetaxel,5,uM,Sample,0.150510245
Org49,1,right,E7,E,7,4479,Docetaxel,2,uM,Sample,0.144416321
Org49,1,right,E8,E,8,4356,Docetaxel,1,uM,Sample,0.140450434
Org49,1,right,E9,E,9,4955,Docetaxel,0.75,uM,Sample,0.159763981
Org49,1,right,E13,E,13,28063,Folinic acid,20,uM,Sample,0.904834835
Org49,1,right,E14,E,14,28569,Folinic acid,10,uM,Sample,0.921149785
Org49,1,right,E15,E,15,24801,Folinic acid,7.5,uM,Sample,0.799658224
Org49,1,right,E16,E,16,27017,Folinic acid,5,uM,Sample,0.871108675
Org49,1,right,E17,E,17,24130,Folinic acid,2,uM,Sample,0.778023183
Org49,1,right,E18,E,18,23625,Folinic acid,1,uM,Sample,0.761740476
Org49,1,right,E19,E,19,23015,Folinic acid,0.75,uM,Sample,0.742072257
Org49,1,right,E20,E,20,22482,Folinic acid,0.5,uM,Sample,0.724886747
Org49,1,right,E21,E,21,26946,Folinic acid,0.2,uM,Sample,0.868819423
Org49,1,right,E22,E,22,24372,Folinic acid,0.1,uM,Sample,0.785825985
Org49,1,right,E23,E,23,31015,DMSO,0,uM,ctrl,1.000016121
Org49,1,right,E24,E,24,34786,DMSO,0,uM,ctrl,1.121604411
Org49,1,right,F2,F,2,44695,DMSO,0,uM,ctrl,1.441100131
Org49,1,right,F3,F,3,1487,Doxorubicin,20,uM,Sample,0.047945316
Org49,1,right,F4,F,4,849,Doxorubicin,10,uM,Sample,0.027374293
Org49,1,right,F5,F,5,5420,Doxorubicin,7.5,uM,Sample,0.174756969
Org49,1,right,F6,F,6,16805,Doxorubicin,5,uM,Sample,0.541843331
Org49,1,right,F7,F,7,17806,Doxorubicin,2,uM,Sample,0.574118557
Org49,1,right,F8,F,8,19920,Doxorubicin,1,uM,Sample,0.642280224
Org49,1,right,F9,F,9,34788,Doxorubicin,0.75,uM,Sample,1.121668897
Org49,1,right,F13,F,13,35906,5-Fluorouracil,20,uM,ctrl,1.157716552
Org49,1,right,F14,F,14,33541,5-Fluorouracil,10,uM,ctrl,1.081461897
Org49,1,right,F15,F,15,30256,5-Fluorouracil,7.5,uM,ctrl,0.975543697
Org49,1,right,F16,F,16,26398,5-Fluorouracil,5,uM,ctrl,0.851150268
Org49,1,right,F17,F,17,18638,5-Fluorouracil,2,uM,ctrl,0.600944719
Org49,1,right,F18,F,18,23918,5-Fluorouracil,1,uM,ctrl,0.77118767
Org49,1,right,F19,F,19,19189,5-Fluorouracil,0.75,uM,ctrl,0.618710603
Org49,1,right,F20,F,20,23716,5-Fluorouracil,0.5,uM,ctrl,0.764674588
Org49,1,right,F21,F,21,17631,5-Fluorouracil,0.2,uM,ctrl,0.568476035
Org49,1,right,F22,F,22,28030,5-Fluorouracil,0.1,uM,ctrl,0.903770817
Org49,1,right,F23,F,23,26879,Media,0,uM,ctrl,0.866659143
Org49,1,right,F24,F,24,31014,DMSO,0,uM,ctrl,0.999983879
Org49,1,right,G2,G,2,35672,DMSO,0,uM,ctrl,1.150171694
Org49,1,right,G3,G,3,1092,Topotecan,20,uM,Sample,0.035209338
Org49,1,right,G4,G,4,1276,Topotecan,10,uM,Sample,0.041142046
Org49,1,right,G5,G,5,2199,Topotecan,7.5,uM,Sample,0.07090232
Org49,1,right,G6,G,6,3041,Topotecan,5,uM,Sample,0.098050912
Org49,1,right,G7,G,7,2828,Topotecan,2,uM,Sample,0.091183156
Org49,1,right,G8,G,8,4102,Topotecan,1,uM,Sample,0.132260717
Org49,1,right,G9,G,9,7381,Topotecan,0.75,uM,Sample,0.237985458
Org49,1,right,G13,G,13,3295,Gemcitabine,20,uM,Sample,0.106240629
Org49,1,right,G14,G,14,3813,Gemcitabine,10,uM,Sample,0.122942495
Org49,1,right,G15,G,15,6006,Gemcitabine,7.5,uM,Sample,0.193651357
Org49,1,right,G16,G,16,6693,Gemcitabine,5,uM,Sample,0.215802286
Org49,1,right,G17,G,17,4808,Gemcitabine,2,uM,Sample,0.155024263
Org49,1,right,G18,G,18,5732,Gemcitabine,1,uM,Sample,0.184816779
Org49,1,right,G19,G,19,6854,Gemcitabine,0.75,uM,Sample,0.220993406
Org49,1,right,G20,G,20,6288,Gemcitabine,0.5,uM,Sample,0.202743878
Org49,1,right,G21,G,21,12753,Gemcitabine,0.2,uM,Sample,0.411194764
Org49,1,right,G22,G,22,10834,Gemcitabine,0.1,uM,Sample,0.349320479
Org49,1,right,G23,G,23,12353,DMSO,0,uM,ctrl,0.39829757
Org49,1,right,G24,G,24,15332,DMSO,0,uM,ctrl,0.494349417
Org49,1,right,H2,H,2,40774,DMSO,0,uM,ctrl,1.314675394
Org49,1,right,H3,H,3,13931,Cetuximab,20,uM,Sample,0.449176998
Org49,1,right,H4,H,4,14912,Cetuximab,10,uM,Sample,0.480807364
Org49,1,right,H5,H,5,15279,Cetuximab,7.5,uM,Sample,0.492640539
Org49,1,right,H6,H,6,13724,Cetuximab,5,uM,Sample,0.4425027
Org49,1,right,H7,H,7,14209,Cetuximab,2,uM,Sample,0.458140547
Org49,1,right,H8,H,8,11673,Cetuximab,1,uM,Sample,0.376372342
Org49,1,right,H9,H,9,9231,Cetuximab,0.75,uM,Sample,0.297634977
Org49,1,right,H13,H,13,16053,Erubulin,20,uM,Sample,0.517596608
Org49,1,right,H14,H,14,15090,Erubulin,10,uM,Sample,0.486546615
Org49,1,right,H15,H,15,12793,Erubulin,7.5,uM,Sample,0.412484483
Org49,1,right,H16,H,16,14455,Erubulin,5,uM,Sample,0.466072321
Org49,1,right,H17,H,17,7779,Erubulin,2,uM,Sample,0.250818166
Org49,1,right,H18,H,18,9625,Erubulin,1,uM,Sample,0.310338713
Org49,1,right,H19,H,19,11053,Erubulin,0.75,uM,Sample,0.356381692
Org49,1,right,H20,H,20,12249,Erubulin,0.5,uM,Sample,0.3949443
Org49,1,right,H21,H,21,9302,Erubulin,0.2,uM,Sample,0.299924229
Org49,1,right,H22,H,22,11228,Erubulin,0.1,uM,Sample,0.362024214
Org49,1,right,H23,H,23,11577,DMSO,0,uM,ctrl,0.373277016
Org49,1,right,H24,H,24,13028,Media,0,uM,ctrl,0.420061584
Org49,1,right,I2,I,2,33986,DMSO,0,uM,ctrl,1.095810024
Org49,1,right,I3,I,3,32622,Carboplatin,20,uM,ctrl,1.051830595
Org49,1,right,I4,I,4,32228,Carboplatin,10,uM,ctrl,1.03912686
Org49,1,right,I5,I,5,36012,Carboplatin,7.5,uM,ctrl,1.161134308
Org49,1,right,I6,I,6,34555,Carboplatin,5,uM,ctrl,1.114156282
Org49,1,right,I7,I,7,34902,Carboplatin,2,uM,ctrl,1.125344597
Org49,1,right,I8,I,8,34099,Carboplatin,1,uM,ctrl,1.099453481
Org49,1,right,I9,I,9,31543,Carboplatin,0.75,uM,ctrl,1.017040417
Org49,1,right,I13,I,13,25026,Cisplatin,20,uM,Sample,0.806912896
Org49,1,right,I14,I,14,27468,Cisplatin,10,uM,Sample,0.88565026
Org49,1,right,I15,I,15,24998,Cisplatin,7.5,uM,Sample,0.806010092
Org49,1,right,I16,I,16,26366,Cisplatin,5,uM,Sample,0.850118493
Org49,1,right,I17,I,17,30958,Cisplatin,2,uM,Sample,0.998178271
Org49,1,right,I18,I,18,23973,Cisplatin,1,uM,Sample,0.772961034
Org49,1,right,I19,I,19,28848,Cisplatin,0.75,uM,Sample,0.930145577
Org49,1,right,I20,I,20,24618,Cisplatin,0.5,uM,Sample,0.793757758
Org49,1,right,I21,I,21,26640,Cisplatin,0.2,uM,Sample,0.85895307
Org49,1,right,I22,I,22,23314,Cisplatin,0.1,uM,Sample,0.751712908
Org49,1,right,I23,I,23,29605,DMSO,0,uM,ctrl,0.954553515
Org49,1,right,I24,I,24,32964,DMSO,0,uM,ctrl,1.062857696
Org49,1,right,J2,J,2,34388,DMSO,0,uM,ctrl,1.108771704
Org49,1,right,J3,J,3,28908,Mitomycin_C,20,uM,ctrl,0.932080156
Org49,1,right,J4,J,4,31687,Mitomycin_C,10,uM,ctrl,1.021683406
Org49,1,right,J5,J,5,28986,Mitomycin_C,7.5,uM,ctrl,0.934595109
Org49,1,right,J6,J,6,35152,Mitomycin_C,5,uM,ctrl,1.133405343
Org49,1,right,J7,J,7,32980,Mitomycin_C,2,uM,ctrl,1.063373583
Org49,1,right,J8,J,8,41906,Mitomycin_C,1,uM,ctrl,1.351174451
Org49,1,right,J9,J,9,33545,Mitomycin_C,0.75,uM,ctrl,1.081590869
Org49,1,right,J13,J,13,19825,Oxaliplatin,20,uM,Sample,0.63921714
Org49,1,right,J14,J,14,22090,Oxaliplatin,10,uM,Sample,0.712247497
Org49,1,right,J15,J,15,18706,Oxaliplatin,7.5,uM,Sample,0.603137242
Org49,1,right,J16,J,16,15287,Oxaliplatin,5,uM,Sample,0.492898483
Org49,1,right,J17,J,17,17407,Oxaliplatin,2,uM,Sample,0.561253607
Org49,1,right,J18,J,18,18639,Oxaliplatin,1,uM,Sample,0.600976962
Org49,1,right,J19,J,19,17678,Oxaliplatin,0.75,uM,Sample,0.569991456
Org49,1,right,J20,J,20,21830,Oxaliplatin,0.5,uM,Sample,0.703864322
Org49,1,right,J21,J,21,20476,Oxaliplatin,0.2,uM,Sample,0.660207322
Org49,1,right,J22,J,22,18730,Oxaliplatin,0.1,uM,Sample,0.603911074
Org49,1,right,J23,J,23,24183,DMSO,0,uM,ctrl,0.779732061
Org49,1,right,J24,J,24,25389,DMSO,0,uM,ctrl,0.818617098
Org49,1,right,K2,K,2,40044,Media,0,uM,ctrl,1.291138016
Org49,1,right,K3,K,3,8196,Paclitaxel,20,uM,ctrl,0.26426349
Org49,1,right,K4,K,4,7574,Paclitaxel,10,uM,ctrl,0.244208354
Org49,1,right,K5,K,5,8080,Paclitaxel,7.5,uM,ctrl,0.260523304
Org49,1,right,K6,K,6,6786,Paclitaxel,5,uM,ctrl,0.218800883
Org49,1,right,K7,K,7,5586,Paclitaxel,2,uM,ctrl,0.180109304
Org49,1,right,K8,K,8,7880,Paclitaxel,1,uM,ctrl,0.254074707
Org49,1,right,K9,K,9,6576,Paclitaxel,0.75,uM,ctrl,0.212029857
Org49,1,right,K13,K,13,5512,Irinotecan,20,uM,Sample,0.177723323
Org49,1,right,K14,K,14,8119,Irinotecan,10,uM,Sample,0.26178078
Org49,1,right,K15,K,15,19203,Irinotecan,7.5,uM,Sample,0.619162005
Org49,1,right,K16,K,16,19568,Irinotecan,5,uM,Sample,0.630930694
Org49,1,right,K17,K,17,14041,Irinotecan,2,uM,Sample,0.452723726
Org49,1,right,K18,K,18,15594,Irinotecan,1,uM,Sample,0.502797079
Org49,1,right,K19,K,19,18161,Irinotecan,0.75,uM,Sample,0.585564816
Org49,1,right,K20,K,20,18413,Irinotecan,0.5,uM,Sample,0.593690048
Org49,1,right,K21,K,21,16479,Irinotecan,0.2,uM,Sample,0.531332119
Org49,1,right,K22,K,22,19891,Irinotecan,0.1,uM,Sample,0.641345177
Org49,1,right,K23,K,23,16625,Media,0,uM,ctrl,0.536039594
Org49,1,right,K24,K,24,19910,DMSO,0,uM,ctrl,0.641957794
Org49,1,right,L2,L,2,32105,DMSO,0,uM,ctrl,1.035160973
Org49,1,right,L3,L,3,7852,Docetaxel,20,uM,Sample,0.253171903
Org49,1,right,L4,L,4,6884,Docetaxel,10,uM,Sample,0.221960696
Org49,1,right,L5,L,5,7653,Docetaxel,7.5,uM,Sample,0.24675555
Org49,1,right,L6,L,6,6817,Docetaxel,5,uM,Sample,0.219800416
Org49,1,right,L7,L,7,6806,Docetaxel,2,uM,Sample,0.219445743
Org49,1,right,L8,L,8,7873,Docetaxel,1,uM,Sample,0.253849006
Org49,1,right,L9,L,9,9890,Docetaxel,0.75,uM,Sample,0.318883103
Org49,1,right,L13,L,13,9233,Folinic acid,20,uM,Sample,0.297699463
Org49,1,right,L14,L,14,18773,Folinic acid,10,uM,Sample,0.605297522
Org49,1,right,L15,L,15,21885,Folinic acid,7.5,uM,Sample,0.705637686
Org49,1,right,L16,L,16,13968,Folinic acid,5,uM,Sample,0.450369988
Org49,1,right,L17,L,17,12900,Folinic acid,2,uM,Sample,0.415934482
Org49,1,right,L18,L,18,17463,Folinic acid,1,uM,Sample,0.563059214
Org49,1,right,L19,L,19,21334,Folinic acid,0.75,uM,Sample,0.687871802
Org49,1,right,L20,L,20,15342,Folinic acid,0.5,uM,Sample,0.494671847
Org49,1,right,L21,L,21,18251,Folinic acid,0.2,uM,Sample,0.588466685
Org49,1,right,L22,L,22,16096,Folinic acid,0.1,uM,Sample,0.518983056
Org49,1,right,L23,L,23,11166,DMSO,0,uM,ctrl,0.36002515
Org49,1,right,L24,L,24,11395,Media,0,uM,ctrl,0.367408793
Org49,1,right,M2,M,2,51350,DMSO,0,uM,ctrl,1.655677183
Org49,1,right,M3,M,3,2739,Doxorubicin,20,uM,Sample,0.088313531
Org49,1,right,M4,M,4,1658,Doxorubicin,10,uM,Sample,0.053458866
Org49,1,right,M5,M,5,6917,Doxorubicin,7.5,uM,Sample,0.223024714
Org49,1,right,M6,M,6,20574,Doxorubicin,5,uM,Sample,0.663367135
Org49,1,right,M7,M,7,15191,Doxorubicin,2,uM,Sample,0.489803157
Org49,1,right,M8,M,8,20712,Doxorubicin,1,uM,Sample,0.667816666
Org49,1,right,M9,M,9,49715,Doxorubicin,0.75,uM,Sample,1.602959906
Org49,1,right,M13,M,13,42173,5-Fluorouracil,20,uM,ctrl,1.359783327
Org49,1,right,M14,M,14,38786,5-Fluorouracil,10,uM,ctrl,1.250576343
Org49,1,right,M15,M,15,33049,5-Fluorouracil,7.5,uM,ctrl,1.065598349
Org49,1,right,M16,M,16,36410,5-Fluorouracil,5,uM,ctrl,1.173967015
Org49,1,right,M17,M,17,43779,5-Fluorouracil,2,uM,ctrl,1.411565558
Org49,1,right,M18,M,18,31875,5-Fluorouracil,1,uM,ctrl,1.027745087
Org49,1,right,M19,M,19,26971,5-Fluorouracil,0.75,uM,ctrl,0.869625498
Org49,1,right,M20,M,20,30858,5-Fluorouracil,0.5,uM,ctrl,0.994953973
Org49,1,right,M21,M,21,28082,5-Fluorouracil,0.2,uM,ctrl,0.905447452
Org49,1,right,M22,M,22,27468,5-Fluorouracil,0.1,uM,ctrl,0.88565026
Org49,1,right,M23,M,23,39087,DMSO,0,uM,ctrl,1.260281481
Org49,1,right,M24,M,24,50211,Media,0,uM,ctrl,1.618952425
Org49,1,right,N2,N,2,62096,DMSO,0,uM,ctrl,2.00216028
Org49,1,right,N3,N,3,4026,Topotecan,20,uM,Sample,0.12981025
Org49,1,right,N4,N,4,1402,Topotecan,10,uM,Sample,0.045204662
Org49,1,right,N5,N,5,1811,Topotecan,7.5,uM,Sample,0.058392042
Org49,1,right,N6,N,6,3912,Topotecan,5,uM,Sample,0.12613455
Org49,1,right,N7,N,7,4846,Topotecan,2,uM,Sample,0.156249496
Org49,1,right,N8,N,8,3630,Topotecan,1,uM,Sample,0.117042029
Org49,1,right,N9,N,9,5438,Topotecan,0.75,uM,Sample,0.175337342
Org49,1,right,N13,N,13,4402,Gemcitabine,20,uM,Sample,0.141933612
Org49,1,right,N14,N,14,4716,Gemcitabine,10,uM,Sample,0.152057908
Org49,1,right,N15,N,15,6049,Gemcitabine,7.5,uM,Sample,0.195037805
Org49,1,right,N16,N,16,9040,Gemcitabine,5,uM,Sample,0.291476567
Org49,1,right,N17,N,17,9137,Gemcitabine,2,uM,Sample,0.294604137
Org49,1,right,N18,N,18,8448,Gemcitabine,1,uM,Sample,0.272388721
Org49,1,right,N19,N,19,8979,Gemcitabine,0.75,uM,Sample,0.289509745
Org49,1,right,N20,N,20,7954,Gemcitabine,0.5,uM,Sample,0.256460688
Org49,1,right,N21,N,21,19161,Gemcitabine,0.2,uM,Sample,0.6178078
Org49,1,right,N22,N,22,28296,Gemcitabine,0.1,uM,Sample,0.91234745
Org49,1,right,N23,N,23,30054,DMSO,0,uM,ctrl,0.969030615
Org49,1,right,N24,N,24,38652,DMSO,0,uM,ctrl,1.246255784
Org49,1,right,O2,O,2,40241,Media,0,uM,ctrl,1.297489884
Org49,1,right,O3,O,3,19487,Cetuximab,20,uM,Sample,0.628319012
Org49,1,right,O4,O,4,15102,Cetuximab,10,uM,Sample,0.486933531
Org49,1,right,O5,O,5,14004,Cetuximab,7.5,uM,Sample,0.451530736
Org49,1,right,O6,O,6,14855,Cetuximab,5,uM,Sample,0.478969514
Org49,1,right,O7,O,7,15721,Cetuximab,2,uM,Sample,0.506891938
Org49,1,right,O8,O,8,14333,Cetuximab,1,uM,Sample,0.462138677
Org49,1,right,O9,O,9,10446,Cetuximab,0.75,uM,Sample,0.336810202
Org49,1,right,O13,O,13,23461,Erubulin,20,uM,Sample,0.756452627
Org49,1,right,O14,O,14,18185,Erubulin,10,uM,Sample,0.586338648
Org49,1,right,O15,O,15,21389,Erubulin,7.5,uM,Sample,0.689645166
Org49,1,right,O16,O,16,16797,Erubulin,5,uM,Sample,0.541585387
Org49,1,right,O17,O,17,19073,Erubulin,2,uM,Sample,0.614970417
Org49,1,right,O18,O,18,17017,Erubulin,1,uM,Sample,0.548678844
Org49,1,right,O19,O,19,17066,Erubulin,0.75,uM,Sample,0.55025875
Org49,1,right,O20,O,20,19818,Erubulin,0.5,uM,Sample,0.638991439
Org49,1,right,O21,O,21,23590,Erubulin,0.2,uM,Sample,0.760611972
Org49,1,right,O22,O,22,18643,Erubulin,0.1,uM,Sample,0.601105934
Org49,1,right,O23,O,23,18625,Media,0,uM,ctrl,0.600525561
Org49,1,right,O24,O,24,29459,DMSO,0,uM,ctrl,0.94984604
Org49,1,right,P2,P,2,43777,DMSO,0,uM,ctrl,1.411501072
Org49,1,right,P3,P,3,34810,DMSO,0,uM,ctrl,1.122378242
Org49,1,right,P4,P,4,42235,Media,0,uM,ctrl,1.361782392
Org49,1,right,P5,P,5,45464,DMSO,0,uM,ctrl,1.465894985
Org49,1,right,P6,P,6,39277,DMSO,0,uM,ctrl,1.266407648
Org49,1,right,P7,P,7,40450,Media,0,uM,ctrl,1.304228667
Org49,1,right,P8,P,8,38754,DMSO,0,uM,ctrl,1.249544568
Org49,1,right,P9,P,9,45589,DMSO,0,uM,ctrl,1.469925357
Org49,1,right,P13,P,13,16525,DMSO,0,uM,ctrl,0.532815296
Org49,1,right,P14,P,14,16315,Media,0,uM,ctrl,0.52604427
Org49,1,right,P15,P,15,15414,DMSO,0,uM,ctrl,0.496993342
Org49,1,right,P16,P,16,17568,DMSO,0,uM,ctrl,0.566444727
Org49,1,right,P17,P,17,15091,Media,0,uM,ctrl,0.486578858
Org49,1,right,P18,P,18,14693,DMSO,0,uM,ctrl,0.473746151
Org49,1,right,P19,P,19,10662,Media,0,uM,ctrl,0.343774686
Org49,1,right,P20,P,20,14771,DMSO,0,uM,ctrl,0.476261104
Org49,1,right,P21,P,21,15699,Media,0,uM,ctrl,0.506182592
Org49,1,right,P22,P,22,13947,Media,0,uM,ctrl,0.449692886
Org49,1,right,P23,P,23,17199,DMSO,0,uM,ctrl,0.554547067
Org49,1,right,P24,P,24,16289,DMSO,0,uM,ctrl,0.525205952
Org60,1,left,A1,A,1,13144,DMSO,0,uM,ctrl,0.495607255
Org60,1,left,A10,A,10,17034,Media,0,uM,ctrl,0.642283473
Org60,1,left,A11,A,11,18192,DMSO,0,uM,ctrl,0.685946985
Org60,1,left,A12,A,12,18031,DMSO,0,uM,ctrl,0.679876324
Org60,1,left,B1,B,1,26925,DMSO,0,uM,ctrl,1.015233211
Org60,1,left,B10,B,10,13212,Carboplatin,0.5,uM,ctrl,0.498171261
Org60,1,left,B11,B,11,9531,Carboplatin,0.2,uM,ctrl,0.359375589
Org60,1,left,B12,B,12,9464,Carboplatin,0.1,uM,ctrl,0.356849289
Org60,1,left,C1,C,1,34759,Media,0,uM,ctrl,1.310621771
Org60,1,left,C10,C,10,2798,Mitomycin_C,0.5,uM,ctrl,0.105501301
Org60,1,left,C11,C,11,2636,Mitomycin_C,0.2,uM,ctrl,0.099392934
Org60,1,left,C12,C,12,2932,Mitomycin_C,0.1,uM,ctrl,0.110553901
Org60,1,left,D1,D,1,38565,DMSO,0,uM,ctrl,1.454130689
Org60,1,left,D10,D,10,25451,Paclitaxel,0.5,uM,ctrl,0.959654613
Org60,1,left,D11,D,11,19683,Paclitaxel,0.2,uM,ctrl,0.742166585
Org60,1,left,D12,D,12,19238,Paclitaxel,0.1,uM,ctrl,0.725387429
Org60,1,left,E1,E,1,18401,DMSO,0,uM,ctrl,0.693827533
Org60,1,left,E10,E,10,19799,Docetaxel,0.5,uM,Sample,0.746540477
Org60,1,left,E11,E,11,23572,Docetaxel,0.2,uM,Sample,0.888805098
Org60,1,left,E12,E,12,16511,Docetaxel,0.1,uM,Sample,0.622563252
Org60,1,left,F1,F,1,22170,DMSO,0,uM,ctrl,0.83594133
Org60,1,left,F10,F,10,4495,Doxorubicin,0.5,uM,Sample,0.16948833
Org60,1,left,F11,F,11,3322,Doxorubicin,0.2,uM,Sample,0.125259229
Org60,1,left,F12,F,12,2188,Doxorubicin,0.1,uM,Sample,0.08250066
Org60,1,left,G1,G,1,21492,DMSO,0,uM,ctrl,0.810376683
Org60,1,left,G10,G,10,18981,Topotecan,0.5,uM,Sample,0.715696995
Org60,1,left,G11,G,11,22141,Topotecan,0.2,uM,Sample,0.834847856
Org60,1,left,G12,G,12,18091,Topotecan,0.1,uM,Sample,0.682138683
Org60,1,left,H1,H,1,40498,Media,0,uM,ctrl,1.527016327
Org60,1,left,H10,H,10,37162,Cetuximab,0.5,uM,Sample,1.401229215
Org60,1,left,H11,H,11,24736,Cetuximab,0.2,uM,Sample,0.932694846
Org60,1,left,H12,H,12,19573,Cetuximab,0.1,uM,Sample,0.738018928
Org60,1,left,I1,I,1,25025,DMSO,0,uM,ctrl,0.943591871
Org60,1,left,I10,I,10,14544,Carboplatin,0.5,uM,ctrl,0.548395611
Org60,1,left,I11,I,11,19430,Carboplatin,0.2,uM,ctrl,0.732626975
Org60,1,left,I12,I,12,11771,Carboplatin,0.1,uM,ctrl,0.443836959
Org60,1,left,J1,J,1,26521,DMSO,0,uM,ctrl,1
Org60,1,left,J10,J,10,3137,Mitomycin_C,0.5,uM,ctrl,0.118283624
Org60,1,left,J11,J,11,3489,Mitomycin_C,0.2,uM,ctrl,0.131556125
Org60,1,left,J12,J,12,3082,Mitomycin_C,0.1,uM,ctrl,0.116209796
Org60,1,left,K1,K,1,50263,DMSO,0,uM,ctrl,1.895215113
Org60,1,left,K10,K,10,27703,Paclitaxel,0.5,uM,ctrl,1.044568455
Org60,1,left,K11,K,11,29688,Paclitaxel,0.2,uM,ctrl,1.119414803
Org60,1,left,K12,K,12,21277,Paclitaxel,0.1,uM,ctrl,0.802269899
Org60,1,left,L1,L,1,40864,DMSO,0,uM,ctrl,1.540816711
Org60,1,left,L10,L,10,20724,Docetaxel,0.5,uM,Sample,0.781418499
Org60,1,left,L11,L,11,40968,Docetaxel,0.2,uM,Sample,1.544738132
Org60,1,left,L12,L,12,34513,Docetaxel,0.1,uM,Sample,1.301346103
Org60,1,left,M1,M,1,47087,Media,0,uM,ctrl,1.775460955
Org60,1,left,M10,M,10,4256,Doxorubicin,0.5,uM,Sample,0.160476603
Org60,1,left,M11,M,11,2770,Doxorubicin,0.2,uM,Sample,0.104445534
Org60,1,left,M12,M,12,4565,Doxorubicin,0.1,uM,Sample,0.172127748
Org60,1,left,N1,N,1,39263,DMSO,0,uM,ctrl,1.480449455
Org60,1,left,N10,N,10,21321,Topotecan,0.5,uM,Sample,0.803928962
Org60,1,left,N11,N,11,17880,Topotecan,0.2,uM,Sample,0.674182723
Org60,1,left,N12,N,12,28523,Topotecan,0.1,uM,Sample,1.07548735
Org60,1,left,O1,O,1,26118,DMSO,0,uM,ctrl,0.984804495
Org60,1,left,O10,O,10,15628,Cetuximab,0.5,uM,Sample,0.589268881
Org60,1,left,O11,O,11,15986,Cetuximab,0.2,uM,Sample,0.602767618
Org60,1,left,O12,O,12,21324,Cetuximab,0.1,uM,Sample,0.80404208
Org60,1,left,P1,P,1,39557,DMSO,0,uM,ctrl,1.49153501
Org60,1,left,P10,P,10,34188,Media,0,uM,ctrl,1.289091663
Org60,1,left,P11,P,11,32567,DMSO,0,uM,ctrl,1.227970288
Org60,1,left,P12,P,12,35536,DMSO,0,uM,ctrl,1.339919309
Org60,1,right,A2,A,2,15226,DMSO,0,uM,ctrl,0.514383203
Org60,1,right,A3,A,3,15602,Media,0,uM,ctrl,0.527085691
Org60,1,right,A4,A,4,16355,DMSO,0,uM,ctrl,0.552524451
Org60,1,right,A5,A,5,19284,DMSO,0,uM,ctrl,0.651475482
Org60,1,right,A6,A,6,13821,Media,0,uM,ctrl,0.466917789
Org60,1,right,A7,A,7,17076,DMSO,0,uM,ctrl,0.576882147
Org60,1,right,A8,A,8,17289,Media,0,uM,ctrl,0.584077972
Org60,1,right,A9,A,9,17349,DMSO,0,uM,ctrl,0.586104964
Org60,1,right,A13,A,13,23285,Media,0,uM,ctrl,0.786642118
Org60,1,right,A14,A,14,21266,DMSO,0,uM,ctrl,0.71843381
Org60,1,right,A15,A,15,28269,Media,0,uM,ctrl,0.955017652
Org60,1,right,A16,A,16,29655,DMSO,0,uM,ctrl,1.001841185
Org60,1,right,A17,A,17,22104,Media,0,uM,ctrl,0.746744143
Org60,1,right,A18,A,18,28031,DMSO,0,uM,ctrl,0.946977247
Org60,1,right,A19,A,19,29480,Media,0,uM,ctrl,0.995929123
Org60,1,right,A20,A,20,20527,DMSO,0,uM,ctrl,0.693468016
Org60,1,right,A21,A,21,20935,DMSO,0,uM,ctrl,0.707251567
Org60,1,right,A22,A,22,14557,Media,0,uM,ctrl,0.491782233
Org60,1,right,A23,A,23,19018,DMSO,0,uM,ctrl,0.642489147
Org60,1,right,A24,A,24,17572,Media,0,uM,ctrl,0.593638621
Org60,1,right,B2,B,2,22445,DMSO,0,uM,ctrl,0.758264219
Org60,1,right,B3,B,3,12322,Carboplatin,20,uM,ctrl,0.416276752
Org60,1,right,B4,B,4,10424,Carboplatin,10,uM,ctrl,0.352156214
Org60,1,right,B5,B,5,10261,Carboplatin,7.5,uM,ctrl,0.34664955
Org60,1,right,B6,B,6,10064,Carboplatin,5,uM,ctrl,0.339994257
Org60,1,right,B7,B,7,9106,Carboplatin,2,uM,ctrl,0.307629939
Org60,1,right,B8,B,8,12493,Carboplatin,1,uM,ctrl,0.422053682
Org60,1,right,B9,B,9,11380,Carboplatin,0.75,uM,ctrl,0.384452965
Org60,1,right,B13,B,13,13153,Cisplatin,20,uM,Sample,0.444350602
Org60,1,right,B14,B,14,8867,Cisplatin,10,uM,Sample,0.299555751
Org60,1,right,B15,B,15,10099,Cisplatin,7.5,uM,Sample,0.341176669
Org60,1,right,B16,B,16,11187,Cisplatin,5,uM,Sample,0.377932805
Org60,1,right,B17,B,17,9630,Cisplatin,2,uM,Sample,0.325332342
Org60,1,right,B18,B,18,7623,Cisplatin,1,uM,Sample,0.257529434
Org60,1,right,B19,B,19,7816,Cisplatin,0.75,uM,Sample,0.264049594
Org60,1,right,B20,B,20,8147,Cisplatin,0.5,uM,Sample,0.275231837
Org60,1,right,B21,B,21,7508,Cisplatin,0.2,uM,Sample,0.253644364
Org60,1,right,B22,B,22,8311,Cisplatin,0.1,uM,Sample,0.280772284
Org60,1,right,B23,B,23,26619,DMSO,0,uM,ctrl,0.89927535
Org60,1,right,B24,B,24,30815,DMSO,0,uM,ctrl,1.041029712
Org60,1,right,C2,C,2,30397,DMSO,0,uM,ctrl,1.026908329
Org60,1,right,C3,C,3,6428,Mitomycin_C,20,uM,ctrl,0.217158494
Org60,1,right,C4,C,4,4522,Mitomycin_C,10,uM,ctrl,0.15276769
Org60,1,right,C5,C,5,5179,Mitomycin_C,7.5,uM,ctrl,0.174963261
Org60,1,right,C6,C,6,3637,Mitomycin_C,5,uM,ctrl,0.122869546
Org60,1,right,C7,C,7,3025,Mitomycin_C,2,uM,ctrl,0.10219422
Org60,1,right,C8,C,8,3262,Mitomycin_C,1,uM,ctrl,0.110200841
Org60,1,right,C9,C,9,3166,Mitomycin_C,0.75,uM,ctrl,0.106957653
Org60,1,right,C13,C,13,23139,Oxaliplatin,20,uM,Sample,0.781709768
Org60,1,right,C14,C,14,11119,Oxaliplatin,10,uM,Sample,0.375635547
Org60,1,right,C15,C,15,10593,Oxaliplatin,7.5,uM,Sample,0.357865577
Org60,1,right,C16,C,16,6765,Oxaliplatin,5,uM,Sample,0.228543437
Org60,1,right,C17,C,17,4411,Oxaliplatin,2,uM,Sample,0.149017753
Org60,1,right,C18,C,18,3422,Oxaliplatin,1,uM,Sample,0.115606155
Org60,1,right,C19,C,19,2855,Oxaliplatin,0.75,uM,Sample,0.096451073
Org60,1,right,C20,C,20,1662,Oxaliplatin,0.5,uM,Sample,0.0561477
Org60,1,right,C21,C,21,1191,Oxaliplatin,0.2,uM,Sample,0.040235807
Org60,1,right,C22,C,22,1952,Oxaliplatin,0.1,uM,Sample,0.065944832
Org60,1,right,C23,C,23,52056,Media,0,uM,ctrl,1.758618942
Org60,1,right,C24,C,24,39650,DMSO,0,uM,ctrl,1.3395044
Org60,1,right,D2,D,2,24688,DMSO,0,uM,ctrl,0.834039966
Org60,1,right,D3,D,3,25110,Paclitaxel,20,uM,ctrl,0.848296481
Org60,1,right,D4,D,4,20167,Paclitaxel,10,uM,ctrl,0.681306059
Org60,1,right,D5,D,5,19839,Paclitaxel,7.5,uM,ctrl,0.670225165
Org60,1,right,D6,D,6,22811,Paclitaxel,5,uM,ctrl,0.770628875
Org60,1,right,D7,D,7,20845,Paclitaxel,2,uM,ctrl,0.704211078
Org60,1,right,D8,D,8,22208,Paclitaxel,1,uM,ctrl,0.750257597
Org60,1,right,D9,D,9,17145,Paclitaxel,0.75,uM,ctrl,0.579213189
Org60,1,right,D13,D,13,37318,Irinotecan,20,uM,Sample,1.260721947
Org60,1,right,D14,D,14,25749,Irinotecan,10,uM,Sample,0.869883955
Org60,1,right,D15,D,15,23524,Irinotecan,7.5,uM,Sample,0.794716305
Org60,1,right,D16,D,16,24792,Irinotecan,5,uM,Sample,0.83755342
Org60,1,right,D17,D,17,34362,Irinotecan,2,uM,Sample,1.160858769
Org60,1,right,D18,D,18,19119,Irinotecan,1,uM,Sample,0.645901252
Org60,1,right,D19,D,19,18405,Irinotecan,0.75,uM,Sample,0.621780037
Org60,1,right,D20,D,20,12727,Irinotecan,0.5,uM,Sample,0.429958953
Org60,1,right,D21,D,21,5532,Irinotecan,0.2,uM,Sample,0.186888735
Org60,1,right,D22,D,22,4395,Irinotecan,0.1,uM,Sample,0.148477222
Org60,1,right,D23,D,23,42770,DMSO,0,uM,ctrl,1.444908025
Org60,1,right,D24,D,24,53291,DMSO,0,uM,ctrl,1.80034121
Org60,1,right,E2,E,2,15874,Media,0,uM,ctrl,0.536274725
Org60,1,right,E3,E,3,18676,Docetaxel,20,uM,Sample,0.630935288
Org60,1,right,E4,E,4,13830,Docetaxel,10,uM,Sample,0.467221837
Org60,1,right,E5,E,5,15313,Docetaxel,7.5,uM,Sample,0.517322343
Org60,1,right,E6,E,6,14393,Docetaxel,5,uM,Sample,0.486241786
Org60,1,right,E7,E,7,15495,Docetaxel,2,uM,Sample,0.523470887
Org60,1,right,E8,E,8,14774,Docetaxel,1,uM,Sample,0.499113191
Org60,1,right,E9,E,9,16693,Docetaxel,0.75,uM,Sample,0.563943177
Org60,1,right,E13,E,13,19599,Folinic acid,20,uM,Sample,0.662117194
Org60,1,right,E14,E,14,12252,Folinic acid,10,uM,Sample,0.413911927
Org60,1,right,E15,E,15,6086,Folinic acid,7.5,uM,Sample,0.205604635
Org60,1,right,E16,E,16,5419,Folinic acid,5,uM,Sample,0.183071232
Org60,1,right,E17,E,17,5533,Folinic acid,2,uM,Sample,0.186922518
Org60,1,right,E18,E,18,3844,Folinic acid,1,uM,Sample,0.129862671
Org60,1,right,E19,E,19,5928,Folinic acid,0.75,uM,Sample,0.200266887
Org60,1,right,E20,E,20,6643,Folinic acid,0.5,uM,Sample,0.224421885
Org60,1,right,E21,E,21,8378,Folinic acid,0.2,uM,Sample,0.28303576
Org60,1,right,E22,E,22,9163,Folinic acid,0.1,uM,Sample,0.309555582
Org60,1,right,E23,E,23,20579,DMSO,0,uM,ctrl,0.695224743
Org60,1,right,E24,E,24,25781,DMSO,0,uM,ctrl,0.870965017
Org60,1,right,F2,F,2,22414,DMSO,0,uM,ctrl,0.757216939
Org60,1,right,F3,F,3,17849,Doxorubicin,20,uM,Sample,0.602996571
Org60,1,right,F4,F,4,12658,Doxorubicin,10,uM,Sample,0.427627912
Org60,1,right,F5,F,5,16991,Doxorubicin,7.5,uM,Sample,0.574010574
Org60,1,right,F6,F,6,18417,Doxorubicin,5,uM,Sample,0.622185436
Org60,1,right,F7,F,7,7429,Doxorubicin,2,uM,Sample,0.25097549
Org60,1,right,F8,F,8,5958,Doxorubicin,1,uM,Sample,0.201280384
Org60,1,right,F9,F,9,5779,Doxorubicin,0.75,uM,Sample,0.195233189
Org60,1,right,F13,F,13,27228,5-Fluorouracil,20,uM,ctrl,0.919849327
Org60,1,right,F14,F,14,13181,5-Fluorouracil,10,uM,ctrl,0.445296532
Org60,1,right,F15,F,15,11507,5-Fluorouracil,7.5,uM,ctrl,0.388743433
Org60,1,right,F16,F,16,7518,5-Fluorouracil,5,uM,ctrl,0.253982196
Org60,1,right,F17,F,17,8404,5-Fluorouracil,2,uM,ctrl,0.283914123
Org60,1,right,F18,F,18,5776,5-Fluorouracil,1,uM,ctrl,0.195131839
Org60,1,right,F19,F,19,6432,5-Fluorouracil,0.75,uM,ctrl,0.217293627
Org60,1,right,F20,F,20,7943,5-Fluorouracil,0.5,uM,ctrl,0.268340062
Org60,1,right,F21,F,21,6076,5-Fluorouracil,0.2,uM,ctrl,0.205266803
Org60,1,right,F22,F,22,6974,5-Fluorouracil,0.1,uM,ctrl,0.235604128
Org60,1,right,F23,F,23,25718,Media,0,uM,ctrl,0.868836675
Org60,1,right,F24,F,24,28103,DMSO,0,uM,ctrl,0.949409638
Org60,1,right,G2,G,2,21418,DMSO,0,uM,ctrl,0.723568859
Org60,1,right,G3,G,3,22268,Topotecan,20,uM,Sample,0.75228459
Org60,1,right,G4,G,4,22205,Topotecan,10,uM,Sample,0.750156247
Org60,1,right,G5,G,5,20100,Topotecan,7.5,uM,Sample,0.679042584
Org60,1,right,G6,G,6,18738,Topotecan,5,uM,Sample,0.633029847
Org60,1,right,G7,G,7,21064,Topotecan,2,uM,Sample,0.711609601
Org60,1,right,G8,G,8,21925,Topotecan,1,uM,Sample,0.740696948
Org60,1,right,G9,G,9,21942,Topotecan,0.75,uM,Sample,0.741271262
Org60,1,right,G13,G,13,31185,Gemcitabine,20,uM,Sample,1.053529501
Org60,1,right,G14,G,14,24451,Gemcitabine,10,uM,Sample,0.826033344
Org60,1,right,G15,G,15,27786,Gemcitabine,7.5,uM,Sample,0.93870036
Org60,1,right,G16,G,16,24065,Gemcitabine,5,uM,Sample,0.812993024
Org60,1,right,G17,G,17,23099,Gemcitabine,2,uM,Sample,0.78035844
Org60,1,right,G18,G,18,23303,Gemcitabine,1,uM,Sample,0.787250215
Org60,1,right,G19,G,19,27179,Gemcitabine,0.75,uM,Sample,0.918193949
Org60,1,right,G20,G,20,19051,Gemcitabine,0.5,uM,Sample,0.643603993
Org60,1,right,G21,G,21,22288,Gemcitabine,0.2,uM,Sample,0.752960254
Org60,1,right,G22,G,22,19014,Gemcitabine,0.1,uM,Sample,0.642354014
Org60,1,right,G23,G,23,32677,DMSO,0,uM,ctrl,1.103934055
Org60,1,right,G24,G,24,40120,DMSO,0,uM,ctrl,1.35538251
Org60,1,right,H2,H,2,38888,DMSO,0,uM,ctrl,1.313761592
Org60,1,right,H3,H,3,26357,Cetuximab,20,uM,Sample,0.890424148
Org60,1,right,H4,H,4,23089,Cetuximab,10,uM,Sample,0.780020608
Org60,1,right,H5,H,5,23719,Cetuximab,7.5,uM,Sample,0.801304032
Org60,1,right,H6,H,6,23874,Cetuximab,5,uM,Sample,0.80654043
Org60,1,right,H7,H,7,25363,Cetuximab,2,uM,Sample,0.856843634
Org60,1,right,H8,H,8,21838,Cetuximab,1,uM,Sample,0.737757808
Org60,1,right,H9,H,9,22416,Cetuximab,0.75,uM,Sample,0.757284505
Org60,1,right,H13,H,13,45542,Erubulin,20,uM,Sample,1.538555092
Org60,1,right,H14,H,14,31758,Erubulin,10,uM,Sample,1.072887282
Org60,1,right,H15,H,15,32070,Erubulin,7.5,uM,Sample,1.083427645
Org60,1,right,H16,H,16,28084,Erubulin,5,uM,Sample,0.948767757
Org60,1,right,H17,H,17,26892,Erubulin,2,uM,Sample,0.908498167
Org60,1,right,H18,H,18,23497,Erubulin,1,uM,Sample,0.793804159
Org60,1,right,H19,H,19,27130,Erubulin,0.75,uM,Sample,0.916538572
Org60,1,right,H20,H,20,40644,Erubulin,0.5,uM,Sample,1.373084914
Org60,1,right,H21,H,21,23371,Erubulin,0.2,uM,Sample,0.789547474
Org60,1,right,H22,H,22,27423,Erubulin,0.1,uM,Sample,0.926437053
Org60,1,right,H23,H,23,35335,DMSO,0,uM,ctrl,1.193729836
Org60,1,right,H24,H,24,43613,Media,0,uM,ctrl,1.473387274
Org60,1,right,I2,I,2,28330,DMSO,0,uM,ctrl,0.957078428
Org60,1,right,I3,I,3,13072,Carboplatin,20,uM,ctrl,0.441614162
Org60,1,right,I4,I,4,10637,Carboplatin,10,uM,ctrl,0.359352038
Org60,1,right,I5,I,5,15550,Carboplatin,7.5,uM,ctrl,0.525328964
Org60,1,right,I6,I,6,15775,Carboplatin,5,uM,ctrl,0.532930187
Org60,1,right,I7,I,7,13374,Carboplatin,2,uM,ctrl,0.451816692
Org60,1,right,I8,I,8,13148,Carboplatin,1,uM,ctrl,0.444181686
Org60,1,right,I9,I,9,15108,Carboplatin,0.75,uM,ctrl,0.510396784
Org60,1,right,I13,I,13,11735,Cisplatin,20,uM,Sample,0.396446006
Org60,1,right,I14,I,14,9000,Cisplatin,10,uM,Sample,0.304048918
Org60,1,right,I15,I,15,10532,Cisplatin,7.5,uM,Sample,0.355804801
Org60,1,right,I16,I,16,8261,Cisplatin,5,uM,Sample,0.279083124
Org60,1,right,I17,I,17,9810,Cisplatin,2,uM,Sample,0.331413321
Org60,1,right,I18,I,18,5914,Cisplatin,1,uM,Sample,0.199793922
Org60,1,right,I19,I,19,6111,Cisplatin,0.75,uM,Sample,0.206449215
Org60,1,right,I20,I,20,8051,Cisplatin,0.5,uM,Sample,0.271988649
Org60,1,right,I21,I,21,6419,Cisplatin,0.2,uM,Sample,0.216854445
Org60,1,right,I22,I,22,7839,Cisplatin,0.1,uM,Sample,0.264826608
Org60,1,right,I23,I,23,28402,DMSO,0,uM,ctrl,0.959510819
Org60,1,right,I24,I,24,29546,DMSO,0,uM,ctrl,0.998158815
Org60,1,right,J2,J,2,23178,DMSO,0,uM,ctrl,0.783027314
Org60,1,right,J3,J,3,6060,Mitomycin_C,20,uM,ctrl,0.204726272
Org60,1,right,J4,J,4,3568,Mitomycin_C,10,uM,ctrl,0.120538504
Org60,1,right,J5,J,5,4391,Mitomycin_C,7.5,uM,ctrl,0.148342089
Org60,1,right,J6,J,6,3261,Mitomycin_C,5,uM,ctrl,0.110167058
Org60,1,right,J7,J,7,3509,Mitomycin_C,2,uM,ctrl,0.118545295
Org60,1,right,J8,J,8,3164,Mitomycin_C,1,uM,ctrl,0.106890086
Org60,1,right,J9,J,9,2934,Mitomycin_C,0.75,uM,ctrl,0.099119947
Org60,1,right,J13,J,13,33756,Oxaliplatin,20,uM,Sample,1.140386142
Org60,1,right,J14,J,14,12854,Oxaliplatin,10,uM,Sample,0.434249421
Org60,1,right,J15,J,15,8297,Oxaliplatin,7.5,uM,Sample,0.280299319
Org60,1,right,J16,J,16,7502,Oxaliplatin,5,uM,Sample,0.253441665
Org60,1,right,J17,J,17,4484,Oxaliplatin,2,uM,Sample,0.151483928
Org60,1,right,J18,J,18,2692,Oxaliplatin,1,uM,Sample,0.09094441
Org60,1,right,J19,J,19,2520,Oxaliplatin,0.75,uM,Sample,0.085133697
Org60,1,right,J20,J,20,1384,Oxaliplatin,0.5,uM,Sample,0.046755967
Org60,1,right,J21,J,21,1022,Oxaliplatin,0.2,uM,Sample,0.034526444
Org60,1,right,J22,J,22,1685,Oxaliplatin,0.1,uM,Sample,0.056924714
Org60,1,right,J23,J,23,29727,DMSO,0,uM,ctrl,1.004273576
Org60,1,right,J24,J,24,28565,DMSO,0,uM,ctrl,0.965017483
Org60,1,right,K2,K,2,34851,Media,0,uM,ctrl,1.17737876
Org60,1,right,K3,K,3,33599,Paclitaxel,20,uM,ctrl,1.135082178
Org60,1,right,K4,K,4,23388,Paclitaxel,10,uM,ctrl,0.790121788
Org60,1,right,K5,K,5,21084,Paclitaxel,7.5,uM,ctrl,0.712285265
Org60,1,right,K6,K,6,19766,Paclitaxel,5,uM,ctrl,0.667758991
Org60,1,right,K7,K,7,24090,Paclitaxel,2,uM,ctrl,0.813837604
Org60,1,right,K8,K,8,31521,Paclitaxel,1,uM,ctrl,1.064880661
Org60,1,right,K9,K,9,22626,Paclitaxel,0.75,uM,ctrl,0.76437898
Org60,1,right,K13,K,13,26343,Irinotecan,20,uM,Sample,0.889951183
Org60,1,right,K14,K,14,25637,Irinotecan,10,uM,Sample,0.866100235
Org60,1,right,K15,K,15,26037,Irinotecan,7.5,uM,Sample,0.87961352
Org60,1,right,K16,K,16,33206,Irinotecan,5,uM,Sample,1.121805375
Org60,1,right,K17,K,17,24276,Irinotecan,2,uM,Sample,0.820121282
Org60,1,right,K18,K,18,18632,Irinotecan,1,uM,Sample,0.629448827
Org60,1,right,K19,K,19,17515,Irinotecan,0.75,uM,Sample,0.591712978
Org60,1,right,K20,K,20,8445,Irinotecan,0.5,uM,Sample,0.285299235
Org60,1,right,K21,K,21,5173,Irinotecan,0.2,uM,Sample,0.174760561
Org60,1,right,K22,K,22,5438,Irinotecan,0.1,uM,Sample,0.183713113
Org60,1,right,K23,K,23,48554,Media,0,uM,ctrl,1.64031013
Org60,1,right,K24,K,24,35756,DMSO,0,uM,ctrl,1.207952568
Org60,1,right,L2,L,2,50986,DMSO,0,uM,ctrl,1.722470904
Org60,1,right,L3,L,3,19286,Docetaxel,20,uM,Sample,0.651543048
Org60,1,right,L4,L,4,23211,Docetaxel,10,uM,Sample,0.78414216
Org60,1,right,L5,L,5,26382,Docetaxel,7.5,uM,Sample,0.891268729
Org60,1,right,L6,L,6,25061,Docetaxel,5,uM,Sample,0.846641104
Org60,1,right,L7,L,7,19137,Docetaxel,2,uM,Sample,0.64650935
Org60,1,right,L8,L,8,36779,Docetaxel,1,uM,Sample,1.242512795
Org60,1,right,L9,L,9,35198,Docetaxel,0.75,uM,Sample,1.189101535
Org60,1,right,L13,L,13,26700,Folinic acid,20,uM,Sample,0.90201179
Org60,1,right,L14,L,14,16946,Folinic acid,10,uM,Sample,0.57249033
Org60,1,right,L15,L,15,10095,Folinic acid,7.5,uM,Sample,0.341041536
Org60,1,right,L16,L,16,7730,Folinic acid,5,uM,Sample,0.261144237
Org60,1,right,L17,L,17,9373,Folinic acid,2,uM,Sample,0.316650057
Org60,1,right,L18,L,18,9661,Folinic acid,1,uM,Sample,0.326379622
Org60,1,right,L19,L,19,8160,Folinic acid,0.75,uM,Sample,0.275671019
Org60,1,right,L20,L,20,10047,Folinic acid,0.5,uM,Sample,0.339419942
Org60,1,right,L21,L,21,8701,Folinic acid,0.2,uM,Sample,0.293947737
Org60,1,right,L22,L,22,25406,Folinic acid,0.1,uM,Sample,0.858296313
Org60,1,right,L23,L,23,46421,DMSO,0,uM,ctrl,1.568250536
Org60,1,right,L24,L,24,45243,Media,0,uM,ctrl,1.528453911
Org60,1,right,M2,M,2,23745,DMSO,0,uM,ctrl,0.802182396
Org60,1,right,M3,M,3,19482,Doxorubicin,20,uM,Sample,0.658164558
Org60,1,right,M4,M,4,17416,Doxorubicin,10,uM,Sample,0.58836844
Org60,1,right,M5,M,5,21051,Doxorubicin,7.5,uM,Sample,0.711170419
Org60,1,right,M6,M,6,15910,Doxorubicin,5,uM,Sample,0.537490921
Org60,1,right,M7,M,7,8059,Doxorubicin,2,uM,Sample,0.272258915
Org60,1,right,M8,M,8,5309,Doxorubicin,1,uM,Sample,0.179355078
Org60,1,right,M9,M,9,5298,Doxorubicin,0.75,uM,Sample,0.178983463
Org60,1,right,M13,M,13,18758,5-Fluorouracil,20,uM,ctrl,0.633705512
Org60,1,right,M14,M,14,9824,5-Fluorouracil,10,uM,ctrl,0.331886286
Org60,1,right,M15,M,15,11294,5-Fluorouracil,7.5,uM,ctrl,0.381547609
Org60,1,right,M16,M,16,6631,5-Fluorouracil,5,uM,ctrl,0.224016486
Org60,1,right,M17,M,17,6603,5-Fluorouracil,2,uM,ctrl,0.223070556
Org60,1,right,M18,M,18,6517,5-Fluorouracil,1,uM,ctrl,0.2201652
Org60,1,right,M19,M,19,4784,5-Fluorouracil,0.75,uM,ctrl,0.161618892
Org60,1,right,M20,M,20,5001,5-Fluorouracil,0.5,uM,ctrl,0.168949849
Org60,1,right,M21,M,21,8635,5-Fluorouracil,0.2,uM,ctrl,0.291718045
Org60,1,right,M22,M,22,6468,5-Fluorouracil,0.1,uM,ctrl,0.218509822
Org60,1,right,M23,M,23,28103,DMSO,0,uM,ctrl,0.949409638
Org60,1,right,M24,M,24,28004,Media,0,uM,ctrl,0.9460651
Org60,1,right,N2,N,2,22437,DMSO,0,uM,ctrl,0.757993953
Org60,1,right,N3,N,3,19120,Topotecan,20,uM,Sample,0.645935035
Org60,1,right,N4,N,4,24051,Topotecan,10,uM,Sample,0.812520059
Org60,1,right,N5,N,5,38547,Topotecan,7.5,uM,Sample,1.302241516
Org60,1,right,N6,N,6,19577,Topotecan,5,uM,Sample,0.661373963
Org60,1,right,N7,N,7,17740,Topotecan,2,uM,Sample,0.599314201
Org60,1,right,N8,N,8,22041,Topotecan,1,uM,Sample,0.7446158
Org60,1,right,N9,N,9,15074,Topotecan,0.75,uM,Sample,0.509248155
Org60,1,right,N13,N,13,24028,Gemcitabine,20,uM,Sample,0.811743045
Org60,1,right,N14,N,14,21860,Gemcitabine,10,uM,Sample,0.738501039
Org60,1,right,N15,N,15,21763,Gemcitabine,7.5,uM,Sample,0.735224067
Org60,1,right,N16,N,16,19028,Gemcitabine,5,uM,Sample,0.642826979
Org60,1,right,N17,N,17,19537,Gemcitabine,2,uM,Sample,0.660022635
Org60,1,right,N18,N,18,19255,Gemcitabine,1,uM,Sample,0.650495769
Org60,1,right,N19,N,19,22770,Gemcitabine,0.75,uM,Sample,0.769243763
Org60,1,right,N20,N,20,18221,Gemcitabine,0.5,uM,Sample,0.615563926
Org60,1,right,N21,N,21,27024,Gemcitabine,0.2,uM,Sample,0.912957551
Org60,1,right,N22,N,22,27090,Gemcitabine,0.1,uM,Sample,0.915187243
Org60,1,right,N23,N,23,28000,DMSO,0,uM,ctrl,0.945929967
Org60,1,right,N24,N,24,32760,DMSO,0,uM,ctrl,1.106738062
Org60,1,right,O2,O,2,32731,Media,0,uM,ctrl,1.105758349
Org60,1,right,O3,O,3,22813,Cetuximab,20,uM,Sample,0.770696441
Org60,1,right,O4,O,4,16750,Cetuximab,10,uM,Sample,0.56586882
Org60,1,right,O5,O,5,16001,Cetuximab,7.5,uM,Sample,0.540565193
Org60,1,right,O6,O,6,15686,Cetuximab,5,uM,Sample,0.529923481
Org60,1,right,O7,O,7,14660,Cetuximab,2,uM,Sample,0.495261904
Org60,1,right,O8,O,8,14882,Cetuximab,1,uM,Sample,0.502761778
Org60,1,right,O9,O,9,19032,Cetuximab,0.75,uM,Sample,0.642962112
Org60,1,right,O13,O,13,28355,Erubulin,20,uM,Sample,0.957923008
Org60,1,right,O14,O,14,29406,Erubulin,10,uM,Sample,0.993429165
Org60,1,right,O15,O,15,26310,Erubulin,7.5,uM,Sample,0.888836337
Org60,1,right,O16,O,16,22961,Erubulin,5,uM,Sample,0.775696356
Org60,1,right,O17,O,17,27609,Erubulin,2,uM,Sample,0.932720731
Org60,1,right,O18,O,18,24516,Erubulin,1,uM,Sample,0.828229253
Org60,1,right,O19,O,19,22223,Erubulin,0.75,uM,Sample,0.750764345
Org60,1,right,O20,O,20,22154,Erubulin,0.5,uM,Sample,0.748433303
Org60,1,right,O21,O,21,32415,Erubulin,0.2,uM,Sample,1.095082853
Org60,1,right,O22,O,22,29110,Erubulin,0.1,uM,Sample,0.983429334
Org60,1,right,O23,O,23,24295,Media,0,uM,ctrl,0.820763163
Org60,1,right,O24,O,24,42607,DMSO,0,uM,ctrl,1.439401361
Org60,1,right,P2,P,2,26963,DMSO,0,uM,ctrl,0.910896775
Org60,1,right,P3,P,3,40664,DMSO,0,uM,ctrl,1.373760578
Org60,1,right,P4,P,4,38086,Media,0,uM,ctrl,1.286667455
Org60,1,right,P5,P,5,39702,DMSO,0,uM,ctrl,1.341261127
Org60,1,right,P6,P,6,38679,DMSO,0,uM,ctrl,1.3067009
Org60,1,right,P7,P,7,40670,Media,0,uM,ctrl,1.373963278
Org60,1,right,P8,P,8,36207,DMSO,0,uM,ctrl,1.223188797
Org60,1,right,P9,P,9,38146,DMSO,0,uM,ctrl,1.288694448
Org60,1,right,P13,P,13,44724,DMSO,0,uM,ctrl,1.510920424
Org60,1,right,P14,P,14,43718,Media,0,uM,ctrl,1.476934511
Org60,1,right,P15,P,15,30618,DMSO,0,uM,ctrl,1.034374419
Org60,1,right,P16,P,16,43304,DMSO,0,uM,ctrl,1.462948261
Org60,1,right,P17,P,17,47130,Media,0,uM,ctrl,1.592202834
Org60,1,right,P18,P,18,40440,DMSO,0,uM,ctrl,1.366193139
Org60,1,right,P19,P,19,41105,Media,0,uM,ctrl,1.388658975
Org60,1,right,P20,P,20,43041,DMSO,0,uM,ctrl,1.454063276
Org60,1,right,P21,P,21,46612,Media,0,uM,ctrl,1.57470313
Org60,1,right,P22,P,22,50888,Media,0,uM,ctrl,1.719160149
Org60,1,right,P23,P,23,42659,DMSO,0,uM,ctrl,1.441158089
Org60,1,right,P24,P,24,48160,DMSO,0,uM,ctrl,1.626999544
Org60_repeat,1,left,A1,A,1,9434,DMSO,0,uM,ctrl,0.978630705
Org60_repeat,1,left,A10,A,10,6031,Media,0,uM,ctrl,0.625622407
Org60_repeat,1,left,A11,A,11,5753,DMSO,0,uM,ctrl,0.596784232
Org60_repeat,1,left,A12,A,12,5696,DMSO,0,uM,ctrl,0.590871369
Org60_repeat,1,left,B1,B,1,5949,DMSO,0,uM,ctrl,0.617116183
Org60_repeat,1,left,B10,B,10,5261,Carboplatin,0.5,uM,ctrl,0.545746888
Org60_repeat,1,left,B11,B,11,4811,Carboplatin,0.2,uM,ctrl,0.49906639
Org60_repeat,1,left,B12,B,12,5299,Carboplatin,0.1,uM,ctrl,0.549688797
Org60_repeat,1,left,C1,C,1,9073,Media,0,uM,ctrl,0.941182573
Org60_repeat,1,left,C10,C,10,5452,Mitomycin_C,0.5,uM,ctrl,0.565560166
Org60_repeat,1,left,C11,C,11,5613,Mitomycin_C,0.2,uM,ctrl,0.582261411
Org60_repeat,1,left,C12,C,12,5307,Mitomycin_C,0.1,uM,ctrl,0.550518672
Org60_repeat,1,left,D1,D,1,9889,DMSO,0,uM,ctrl,1.025829876
Org60_repeat,1,left,D10,D,10,2422,Paclitaxel,0.5,uM,ctrl,0.251244813
Org60_repeat,1,left,D11,D,11,3215,Paclitaxel,0.2,uM,ctrl,0.333506224
Org60_repeat,1,left,D12,D,12,4842,Paclitaxel,0.1,uM,ctrl,0.502282158
Org60_repeat,1,left,E1,E,1,10220,DMSO,0,uM,ctrl,1.060165975
Org60_repeat,1,left,E10,E,10,1289,Docetaxel,0.5,uM,Sample,0.133713693
Org60_repeat,1,left,E11,E,11,1865,Docetaxel,0.2,uM,Sample,0.19346473
Org60_repeat,1,left,E12,E,12,3114,Docetaxel,0.1,uM,Sample,0.323029046
Org60_repeat,1,left,F1,F,1,2969,DMSO,0,uM,ctrl,0.307987552
Org60_repeat,1,left,F10,F,10,6945,Doxorubicin,0.5,uM,Sample,0.720435685
Org60_repeat,1,left,F11,F,11,6734,Doxorubicin,0.2,uM,Sample,0.698547718
Org60_repeat,1,left,F12,F,12,7637,Doxorubicin,0.1,uM,Sample,0.792219917
Org60_repeat,1,left,G1,G,1,8155,DMSO,0,uM,ctrl,0.845954357
Org60_repeat,1,left,G10,G,10,1473,Topotecan,0.5,uM,Sample,0.15280083
Org60_repeat,1,left,G11,G,11,2115,Topotecan,0.2,uM,Sample,0.21939834
Org60_repeat,1,left,G12,G,12,6300,Topotecan,0.1,uM,Sample,0.653526971
Org60_repeat,1,left,H1,H,1,7653,Media,0,uM,ctrl,0.793879668
Org60_repeat,1,left,H10,H,10,2097,Cetuximab,0.5,uM,Sample,0.21753112
Org60_repeat,1,left,H11,H,11,2203,Cetuximab,0.2,uM,Sample,0.228526971
Org60_repeat,1,left,H12,H,12,2268,Cetuximab,0.1,uM,Sample,0.23526971
Org60_repeat,1,left,I1,I,1,9043,DMSO,0,uM,ctrl,0.938070539
Org60_repeat,1,left,I10,I,10,7083,Carboplatin,0.5,uM,ctrl,0.734751037
Org60_repeat,1,left,I11,I,11,7006,Carboplatin,0.2,uM,ctrl,0.726763485
Org60_repeat,1,left,I12,I,12,7451,Carboplatin,0.1,uM,ctrl,0.772925311
Org60_repeat,1,left,J1,J,1,9361,DMSO,0,uM,ctrl,0.971058091
Org60_repeat,1,left,J10,J,10,7231,Mitomycin_C,0.5,uM,ctrl,0.750103734
Org60_repeat,1,left,J11,J,11,7229,Mitomycin_C,0.2,uM,ctrl,0.749896266
Org60_repeat,1,left,J12,J,12,7794,Mitomycin_C,0.1,uM,ctrl,0.808506224
Org60_repeat,1,left,K1,K,1,9640,DMSO,0,uM,ctrl,1
Org60_repeat,1,left,K10,K,10,2605,Paclitaxel,0.5,uM,ctrl,0.270228216
Org60_repeat,1,left,K11,K,11,3810,Paclitaxel,0.2,uM,ctrl,0.395228216
Org60_repeat,1,left,K12,K,12,7882,Paclitaxel,0.1,uM,ctrl,0.817634855
Org60_repeat,1,left,L1,L,1,9837,DMSO,0,uM,ctrl,1.020435685
Org60_repeat,1,left,L10,L,10,1642,Docetaxel,0.5,uM,Sample,0.17033195
Org60_repeat,1,left,L11,L,11,2014,Docetaxel,0.2,uM,Sample,0.208921162
Org60_repeat,1,left,L12,L,12,3088,Docetaxel,0.1,uM,Sample,0.32033195
Org60_repeat,1,left,M1,M,1,11410,Media,0,uM,ctrl,1.183609959
Org60_repeat,1,left,M10,M,10,8795,Doxorubicin,0.5,uM,Sample,0.912344398
Org60_repeat,1,left,M11,M,11,10156,Doxorubicin,0.2,uM,Sample,1.053526971
Org60_repeat,1,left,M12,M,12,10693,Doxorubicin,0.1,uM,Sample,1.109232365
Org60_repeat,1,left,N1,N,1,12791,DMSO,0,uM,ctrl,1.32686722
Org60_repeat,1,left,N10,N,10,1670,Topotecan,0.5,uM,Sample,0.173236515
Org60_repeat,1,left,N11,N,11,3021,Topotecan,0.2,uM,Sample,0.313381743
Org60_repeat,1,left,N12,N,12,8818,Topotecan,0.1,uM,Sample,0.91473029
Org60_repeat,1,left,O1,O,1,13590,DMSO,0,uM,ctrl,1.409751037
Org60_repeat,1,left,O10,O,10,2962,Cetuximab,0.5,uM,Sample,0.307261411
Org60_repeat,1,left,O11,O,11,3057,Cetuximab,0.2,uM,Sample,0.317116183
Org60_repeat,1,left,O12,O,12,3388,Cetuximab,0.1,uM,Sample,0.351452282
Org60_repeat,1,left,P1,P,1,16246,DMSO,0,uM,ctrl,1.68526971
Org60_repeat,1,left,P10,P,10,12584,Media,0,uM,ctrl,1.305394191
Org60_repeat,1,left,P11,P,11,11924,DMSO,0,uM,ctrl,1.236929461
Org60_repeat,1,left,P12,P,12,13135,DMSO,0,uM,ctrl,1.362551867
Org60_repeat,1,right,A2,A,2,8145,DMSO,0,uM,ctrl,1.253559061
Org60_repeat,1,right,A3,A,3,7710,Media,0,uM,ctrl,1.186610235
Org60_repeat,1,right,A4,A,4,7253,DMSO,0,uM,ctrl,1.116275491
Org60_repeat,1,right,A5,A,5,7582,DMSO,0,uM,ctrl,1.16691035
Org60_repeat,1,right,A6,A,6,7040,Media,0,uM,ctrl,1.083493651
Org60_repeat,1,right,A7,A,7,8231,DMSO,0,uM,ctrl,1.266794921
Org60_repeat,1,right,A8,A,8,8289,Media,0,uM,ctrl,1.275721431
Org60_repeat,1,right,A9,A,9,5076,DMSO,0,uM,ctrl,0.781223548
Org60_repeat,1,right,A13,A,13,4334,Media,0,uM,ctrl,0.667025779
Org60_repeat,1,right,A14,A,14,6529,DMSO,0,uM,ctrl,1.004848018
Org60_repeat,1,right,A15,A,15,3848,Media,0,uM,ctrl,0.59222778
Org60_repeat,1,right,A16,A,16,6951,DMSO,0,uM,ctrl,1.069796075
Org60_repeat,1,right,A17,A,17,6142,Media,0,uM,ctrl,0.945286649
Org60_repeat,1,right,A18,A,18,3910,DMSO,0,uM,ctrl,0.601769912
Org60_repeat,1,right,A19,A,19,4982,Media,0,uM,ctrl,0.766756445
Org60_repeat,1,right,A20,A,20,4067,DMSO,0,uM,ctrl,0.625933051
Org60_repeat,1,right,A21,A,21,5632,DMSO,0,uM,ctrl,0.866794921
Org60_repeat,1,right,A22,A,22,6038,Media,0,uM,ctrl,0.929280492
Org60_repeat,1,right,A23,A,23,3243,DMSO,0,uM,ctrl,0.499115044
Org60_repeat,1,right,A24,A,24,3666,Media,0,uM,ctrl,0.564217007
Org60_repeat,1,right,B2,B,2,5937,DMSO,0,uM,ctrl,0.913736052
Org60_repeat,1,right,B3,B,3,7813,Carboplatin,20,uM,ctrl,1.202462486
Org60_repeat,1,right,B4,B,4,5358,Carboplatin,10,uM,ctrl,0.824624856
Org60_repeat,1,right,B5,B,5,7712,Carboplatin,7.5,uM,ctrl,1.186918045
Org60_repeat,1,right,B6,B,6,7666,Carboplatin,5,uM,ctrl,1.179838399
Org60_repeat,1,right,B7,B,7,5917,Carboplatin,2,uM,ctrl,0.910657945
Org60_repeat,1,right,B8,B,8,8308,Carboplatin,1,uM,ctrl,1.278645633
Org60_repeat,1,right,B9,B,9,5047,Carboplatin,0.75,uM,ctrl,0.776760292
Org60_repeat,1,right,B13,B,13,3934,Cisplatin,20,uM,Sample,0.60546364
Org60_repeat,1,right,B14,B,14,5164,Cisplatin,10,uM,Sample,0.794767218
Org60_repeat,1,right,B15,B,15,2897,Cisplatin,7.5,uM,Sample,0.445863794
Org60_repeat,1,right,B16,B,16,4646,Cisplatin,5,uM,Sample,0.715044248
Org60_repeat,1,right,B17,B,17,2974,Cisplatin,2,uM,Sample,0.457714506
Org60_repeat,1,right,B18,B,18,5154,Cisplatin,1,uM,Sample,0.793228165
Org60_repeat,1,right,B19,B,19,2625,Cisplatin,0.75,uM,Sample,0.404001539
Org60_repeat,1,right,B20,B,20,3364,Cisplatin,0.5,uM,Sample,0.517737591
Org60_repeat,1,right,B21,B,21,2855,Cisplatin,0.2,uM,Sample,0.439399769
Org60_repeat,1,right,B22,B,22,3201,Cisplatin,0.1,uM,Sample,0.49265102
Org60_repeat,1,right,B23,B,23,1511,DMSO,0,uM,ctrl,0.232550981
Org60_repeat,1,right,B24,B,24,1712,DMSO,0,uM,ctrl,0.263485956
Org60_repeat,1,right,C2,C,2,7353,DMSO,0,uM,ctrl,1.131666025
Org60_repeat,1,right,C3,C,3,7288,Mitomycin_C,20,uM,ctrl,1.121662178
Org60_repeat,1,right,C4,C,4,5419,Mitomycin_C,10,uM,ctrl,0.834013082
Org60_repeat,1,right,C5,C,5,6110,Mitomycin_C,7.5,uM,ctrl,0.940361678
Org60_repeat,1,right,C6,C,6,6940,Mitomycin_C,5,uM,ctrl,1.068103117
Org60_repeat,1,right,C7,C,7,5903,Mitomycin_C,2,uM,ctrl,0.90850327
Org60_repeat,1,right,C8,C,8,7662,Mitomycin_C,1,uM,ctrl,1.179222778
Org60_repeat,1,right,C9,C,9,8522,Mitomycin_C,0.75,uM,ctrl,1.311581377
Org60_repeat,1,right,C13,C,13,2723,Oxaliplatin,20,uM,Sample,0.419084263
Org60_repeat,1,right,C14,C,14,2772,Oxaliplatin,10,uM,Sample,0.426625625
Org60_repeat,1,right,C15,C,15,2656,Oxaliplatin,7.5,uM,Sample,0.408772605
Org60_repeat,1,right,C16,C,16,2919,Oxaliplatin,5,uM,Sample,0.449249711
Org60_repeat,1,right,C17,C,17,2645,Oxaliplatin,2,uM,Sample,0.407079646
Org60_repeat,1,right,C18,C,18,2853,Oxaliplatin,1,uM,Sample,0.439091958
Org60_repeat,1,right,C19,C,19,2013,Oxaliplatin,0.75,uM,Sample,0.309811466
Org60_repeat,1,right,C20,C,20,1966,Oxaliplatin,0.5,uM,Sample,0.302577915
Org60_repeat,1,right,C21,C,21,1240,Oxaliplatin,0.2,uM,Sample,0.190842632
Org60_repeat,1,right,C22,C,22,1671,Oxaliplatin,0.1,uM,Sample,0.257175837
Org60_repeat,1,right,C23,C,23,1330,Media,0,uM,ctrl,0.204694113
Org60_repeat,1,right,C24,C,24,1369,DMSO,0,uM,ctrl,0.210696422
Org60_repeat,1,right,D2,D,2,8756,DMSO,0,uM,ctrl,1.347595229
Org60_repeat,1,right,D3,D,3,1214,Paclitaxel,20,uM,ctrl,0.186841093
Org60_repeat,1,right,D4,D,4,1440,Paclitaxel,10,uM,ctrl,0.221623701
Org60_repeat,1,right,D5,D,5,1591,Paclitaxel,7.5,uM,ctrl,0.244863409
Org60_repeat,1,right,D6,D,6,1157,Paclitaxel,5,uM,ctrl,0.178068488
Org60_repeat,1,right,D7,D,7,1748,Paclitaxel,2,uM,ctrl,0.269026549
Org60_repeat,1,right,D8,D,8,1642,Paclitaxel,1,uM,ctrl,0.252712582
Org60_repeat,1,right,D9,D,9,1953,Paclitaxel,0.75,uM,ctrl,0.300577145
Org60_repeat,1,right,D13,D,13,471,Irinotecan,20,uM,Sample,0.072489419
Org60_repeat,1,right,D14,D,14,524,Irinotecan,10,uM,Sample,0.080646402
Org60_repeat,1,right,D15,D,15,692,Irinotecan,7.5,uM,Sample,0.106502501
Org60_repeat,1,right,D16,D,16,972,Irinotecan,5,uM,Sample,0.149595998
Org60_repeat,1,right,D17,D,17,1098,Irinotecan,2,uM,Sample,0.168988072
Org60_repeat,1,right,D18,D,18,2170,Irinotecan,1,uM,Sample,0.333974606
Org60_repeat,1,right,D19,D,19,1787,Irinotecan,0.75,uM,Sample,0.275028857
Org60_repeat,1,right,D20,D,20,1491,Irinotecan,0.5,uM,Sample,0.229472874
Org60_repeat,1,right,D21,D,21,1792,Irinotecan,0.2,uM,Sample,0.275798384
Org60_repeat,1,right,D22,D,22,2718,Irinotecan,0.1,uM,Sample,0.418314736
Org60_repeat,1,right,D23,D,23,1866,DMSO,0,uM,ctrl,0.28718738
Org60_repeat,1,right,D24,D,24,1356,DMSO,0,uM,ctrl,0.208695652
Org60_repeat,1,right,E2,E,2,8888,Media,0,uM,ctrl,1.367910735
Org60_repeat,1,right,E3,E,3,2154,Docetaxel,20,uM,Sample,0.33151212
Org60_repeat,1,right,E4,E,4,2324,Docetaxel,10,uM,Sample,0.357676029
Org60_repeat,1,right,E5,E,5,1708,Docetaxel,7.5,uM,Sample,0.262870335
Org60_repeat,1,right,E6,E,6,1078,Docetaxel,5,uM,Sample,0.165909965
Org60_repeat,1,right,E7,E,7,945,Docetaxel,2,uM,Sample,0.145440554
Org60_repeat,1,right,E8,E,8,1279,Docetaxel,1,uM,Sample,0.19684494
Org60_repeat,1,right,E9,E,9,1564,Docetaxel,0.75,uM,Sample,0.240707965
Org60_repeat,1,right,E13,E,13,5054,Folinic acid,20,uM,Sample,0.77783763
Org60_repeat,1,right,E14,E,14,5060,Folinic acid,10,uM,Sample,0.778761062
Org60_repeat,1,right,E15,E,15,5293,Folinic acid,7.5,uM,Sample,0.814621008
Org60_repeat,1,right,E16,E,16,5047,Folinic acid,5,uM,Sample,0.776760292
Org60_repeat,1,right,E17,E,17,5211,Folinic acid,2,uM,Sample,0.80200077
Org60_repeat,1,right,E18,E,18,5062,Folinic acid,1,uM,Sample,0.779068873
Org60_repeat,1,right,E19,E,19,7703,Folinic acid,0.75,uM,Sample,1.185532897
Org60_repeat,1,right,E20,E,20,5029,Folinic acid,0.5,uM,Sample,0.773989996
Org60_repeat,1,right,E21,E,21,6918,Folinic acid,0.2,uM,Sample,1.064717199
Org60_repeat,1,right,E22,E,22,4967,Folinic acid,0.1,uM,Sample,0.764447865
Org60_repeat,1,right,E23,E,23,5203,DMSO,0,uM,ctrl,0.800769527
Org60_repeat,1,right,E24,E,24,3612,DMSO,0,uM,ctrl,0.555906118
Org60_repeat,1,right,F2,F,2,10083,DMSO,0,uM,ctrl,1.551827626
Org60_repeat,1,right,F3,F,3,1358,Doxorubicin,20,uM,Sample,0.209003463
Org60_repeat,1,right,F4,F,4,907,Doxorubicin,10,uM,Sample,0.139592151
Org60_repeat,1,right,F5,F,5,1616,Doxorubicin,7.5,uM,Sample,0.248711043
Org60_repeat,1,right,F6,F,6,3743,Doxorubicin,5,uM,Sample,0.576067718
Org60_repeat,1,right,F7,F,7,5170,Doxorubicin,2,uM,Sample,0.79569065
Org60_repeat,1,right,F8,F,8,7777,Doxorubicin,1,uM,Sample,1.196921893
Org60_repeat,1,right,F9,F,9,9744,Doxorubicin,0.75,uM,Sample,1.499653713
Org60_repeat,1,right,F13,F,13,5021,5-Fluorouracil,20,uM,ctrl,0.772758753
Org60_repeat,1,right,F14,F,14,6963,5-Fluorouracil,10,uM,ctrl,1.07164294
Org60_repeat,1,right,F15,F,15,3678,5-Fluorouracil,7.5,uM,ctrl,0.566063871
Org60_repeat,1,right,F16,F,16,6116,5-Fluorouracil,5,uM,ctrl,0.94128511
Org60_repeat,1,right,F17,F,17,3143,5-Fluorouracil,2,uM,ctrl,0.483724509
Org60_repeat,1,right,F18,F,18,3607,5-Fluorouracil,1,uM,ctrl,0.555136591
Org60_repeat,1,right,F19,F,19,3230,5-Fluorouracil,0.75,uM,ctrl,0.497114275
Org60_repeat,1,right,F20,F,20,3182,5-Fluorouracil,0.5,uM,ctrl,0.489726818
Org60_repeat,1,right,F21,F,21,3271,5-Fluorouracil,0.2,uM,ctrl,0.503424394
Org60_repeat,1,right,F22,F,22,3061,5-Fluorouracil,0.1,uM,ctrl,0.471104271
Org60_repeat,1,right,F23,F,23,3055,Media,0,uM,ctrl,0.470180839
Org60_repeat,1,right,F24,F,24,2496,DMSO,0,uM,ctrl,0.384147749
Org60_repeat,1,right,G2,G,2,7039,DMSO,0,uM,ctrl,1.083339746
Org60_repeat,1,right,G3,G,3,502,Topotecan,20,uM,Sample,0.077260485
Org60_repeat,1,right,G4,G,4,263,Topotecan,10,uM,Sample,0.040477107
Org60_repeat,1,right,G5,G,5,293,Topotecan,7.5,uM,Sample,0.045094267
Org60_repeat,1,right,G6,G,6,731,Topotecan,5,uM,Sample,0.11250481
Org60_repeat,1,right,G7,G,7,909,Topotecan,2,uM,Sample,0.139899962
Org60_repeat,1,right,G8,G,8,1080,Topotecan,1,uM,Sample,0.166217776
Org60_repeat,1,right,G9,G,9,1264,Topotecan,0.75,uM,Sample,0.19453636
Org60_repeat,1,right,G13,G,13,583,Gemcitabine,20,uM,Sample,0.089726818
Org60_repeat,1,right,G14,G,14,509,Gemcitabine,10,uM,Sample,0.078337822
Org60_repeat,1,right,G15,G,15,510,Gemcitabine,7.5,uM,Sample,0.078491728
Org60_repeat,1,right,G16,G,16,583,Gemcitabine,5,uM,Sample,0.089726818
Org60_repeat,1,right,G17,G,17,542,Gemcitabine,2,uM,Sample,0.083416699
Org60_repeat,1,right,G18,G,18,523,Gemcitabine,1,uM,Sample,0.080492497
Org60_repeat,1,right,G19,G,19,544,Gemcitabine,0.75,uM,Sample,0.083724509
Org60_repeat,1,right,G20,G,20,535,Gemcitabine,0.5,uM,Sample,0.082339361
Org60_repeat,1,right,G21,G,21,658,Gemcitabine,0.2,uM,Sample,0.101269719
Org60_repeat,1,right,G22,G,22,822,Gemcitabine,0.1,uM,Sample,0.126510196
Org60_repeat,1,right,G23,G,23,2531,DMSO,0,uM,ctrl,0.389534436
Org60_repeat,1,right,G24,G,24,1829,DMSO,0,uM,ctrl,0.281492882
Org60_repeat,1,right,H2,H,2,6792,DMSO,0,uM,ctrl,1.045325125
Org60_repeat,1,right,H3,H,3,1387,Cetuximab,20,uM,Sample,0.213466718
Org60_repeat,1,right,H4,H,4,1411,Cetuximab,10,uM,Sample,0.217160446
Org60_repeat,1,right,H5,H,5,1972,Cetuximab,7.5,uM,Sample,0.303501347
Org60_repeat,1,right,H6,H,6,1656,Cetuximab,5,uM,Sample,0.254867257
Org60_repeat,1,right,H7,H,7,2040,Cetuximab,2,uM,Sample,0.31396691
Org60_repeat,1,right,H8,H,8,2606,Cetuximab,1,uM,Sample,0.401077337
Org60_repeat,1,right,H9,H,9,1926,Cetuximab,0.75,uM,Sample,0.296421701
Org60_repeat,1,right,H13,H,13,2964,Erubulin,20,uM,Sample,0.456175452
Org60_repeat,1,right,H14,H,14,3092,Erubulin,10,uM,Sample,0.475875337
Org60_repeat,1,right,H15,H,15,3236,Erubulin,7.5,uM,Sample,0.498037707
Org60_repeat,1,right,H16,H,16,3493,Erubulin,5,uM,Sample,0.537591381
Org60_repeat,1,right,H17,H,17,3169,Erubulin,2,uM,Sample,0.487726048
Org60_repeat,1,right,H18,H,18,2687,Erubulin,1,uM,Sample,0.413543671
Org60_repeat,1,right,H19,H,19,2222,Erubulin,0.75,uM,Sample,0.341977684
Org60_repeat,1,right,H20,H,20,1790,Erubulin,0.5,uM,Sample,0.275490573
Org60_repeat,1,right,H21,H,21,1769,Erubulin,0.2,uM,Sample,0.272258561
Org60_repeat,1,right,H22,H,22,2137,Erubulin,0.1,uM,Sample,0.328895729
Org60_repeat,1,right,H23,H,23,3484,DMSO,0,uM,ctrl,0.536206233
Org60_repeat,1,right,H24,H,24,2728,Media,0,uM,ctrl,0.41985379
Org60_repeat,1,right,I2,I,2,6956,DMSO,0,uM,ctrl,1.070565602
Org60_repeat,1,right,I3,I,3,6556,Carboplatin,20,uM,ctrl,1.009003463
Org60_repeat,1,right,I4,I,4,6644,Carboplatin,10,uM,ctrl,1.022547134
Org60_repeat,1,right,I5,I,5,6558,Carboplatin,7.5,uM,ctrl,1.009311274
Org60_repeat,1,right,I6,I,6,6882,Carboplatin,5,uM,ctrl,1.059176606
Org60_repeat,1,right,I7,I,7,6371,Carboplatin,2,uM,ctrl,0.980530973
Org60_repeat,1,right,I8,I,8,8677,Carboplatin,1,uM,ctrl,1.335436706
Org60_repeat,1,right,I9,I,9,7179,Carboplatin,0.75,uM,ctrl,1.104886495
Org60_repeat,1,right,I13,I,13,6454,Cisplatin,20,uM,Sample,0.993305117
Org60_repeat,1,right,I14,I,14,5970,Cisplatin,10,uM,Sample,0.918814929
Org60_repeat,1,right,I15,I,15,6422,Cisplatin,7.5,uM,Sample,0.988380146
Org60_repeat,1,right,I16,I,16,6317,Cisplatin,5,uM,Sample,0.972220085
Org60_repeat,1,right,I17,I,17,6696,Cisplatin,2,uM,Sample,1.030550212
Org60_repeat,1,right,I18,I,18,6198,Cisplatin,1,uM,Sample,0.953905348
Org60_repeat,1,right,I19,I,19,6368,Cisplatin,0.75,uM,Sample,0.980069257
Org60_repeat,1,right,I20,I,20,5185,Cisplatin,0.5,uM,Sample,0.79799923
Org60_repeat,1,right,I21,I,21,5602,Cisplatin,0.2,uM,Sample,0.862177761
Org60_repeat,1,right,I22,I,22,6151,Cisplatin,0.1,uM,Sample,0.946671797
Org60_repeat,1,right,I23,I,23,6466,DMSO,0,uM,ctrl,0.995151982
Org60_repeat,1,right,I24,I,24,7479,DMSO,0,uM,ctrl,1.151058099
Org60_repeat,1,right,J2,J,2,7434,DMSO,0,uM,ctrl,1.144132359
Org60_repeat,1,right,J3,J,3,7536,Mitomycin_C,20,uM,ctrl,1.159830704
Org60_repeat,1,right,J4,J,4,6747,Mitomycin_C,10,uM,ctrl,1.038399384
Org60_repeat,1,right,J5,J,5,6845,Mitomycin_C,7.5,uM,ctrl,1.053482109
Org60_repeat,1,right,J6,J,6,6582,Mitomycin_C,5,uM,ctrl,1.013005002
Org60_repeat,1,right,J7,J,7,6914,Mitomycin_C,2,uM,ctrl,1.064101578
Org60_repeat,1,right,J8,J,8,7161,Mitomycin_C,1,uM,ctrl,1.102116199
Org60_repeat,1,right,J9,J,9,7749,Mitomycin_C,0.75,uM,ctrl,1.192612543
Org60_repeat,1,right,J13,J,13,5797,Oxaliplatin,20,uM,Sample,0.892189304
Org60_repeat,1,right,J14,J,14,4861,Oxaliplatin,10,uM,Sample,0.748133898
Org60_repeat,1,right,J15,J,15,4837,Oxaliplatin,7.5,uM,Sample,0.744440169
Org60_repeat,1,right,J16,J,16,5594,Oxaliplatin,5,uM,Sample,0.860946518
Org60_repeat,1,right,J17,J,17,5149,Oxaliplatin,2,uM,Sample,0.792458638
Org60_repeat,1,right,J18,J,18,4912,Oxaliplatin,1,uM,Sample,0.75598307
Org60_repeat,1,right,J19,J,19,4419,Oxaliplatin,0.75,uM,Sample,0.680107734
Org60_repeat,1,right,J20,J,20,4267,Oxaliplatin,0.5,uM,Sample,0.656714121
Org60_repeat,1,right,J21,J,21,4597,Oxaliplatin,0.2,uM,Sample,0.707502886
Org60_repeat,1,right,J22,J,22,4224,Oxaliplatin,0.1,uM,Sample,0.650096191
Org60_repeat,1,right,J23,J,23,4347,DMSO,0,uM,ctrl,0.669026549
Org60_repeat,1,right,J24,J,24,4397,DMSO,0,uM,ctrl,0.676721816
Org60_repeat,1,right,K2,K,2,10359,Media,0,uM,ctrl,1.594305502
Org60_repeat,1,right,K3,K,3,1127,Paclitaxel,20,uM,ctrl,0.173451327
Org60_repeat,1,right,K4,K,4,1525,Paclitaxel,10,uM,ctrl,0.234705656
Org60_repeat,1,right,K5,K,5,1375,Paclitaxel,7.5,uM,ctrl,0.211619854
Org60_repeat,1,right,K6,K,6,1367,Paclitaxel,5,uM,ctrl,0.210388611
Org60_repeat,1,right,K7,K,7,1349,Paclitaxel,2,uM,ctrl,0.207618315
Org60_repeat,1,right,K8,K,8,1585,Paclitaxel,1,uM,ctrl,0.243939977
Org60_repeat,1,right,K9,K,9,2529,Paclitaxel,0.75,uM,ctrl,0.389226626
Org60_repeat,1,right,K13,K,13,732,Irinotecan,20,uM,Sample,0.112658715
Org60_repeat,1,right,K14,K,14,921,Irinotecan,10,uM,Sample,0.141746826
Org60_repeat,1,right,K15,K,15,1188,Irinotecan,7.5,uM,Sample,0.182839554
Org60_repeat,1,right,K16,K,16,2058,Irinotecan,5,uM,Sample,0.316737207
Org60_repeat,1,right,K17,K,17,1674,Irinotecan,2,uM,Sample,0.257637553
Org60_repeat,1,right,K18,K,18,2260,Irinotecan,1,uM,Sample,0.347826087
Org60_repeat,1,right,K19,K,19,2970,Irinotecan,0.75,uM,Sample,0.457098884
Org60_repeat,1,right,K20,K,20,2591,Irinotecan,0.5,uM,Sample,0.398768757
Org60_repeat,1,right,K21,K,21,1859,Irinotecan,0.2,uM,Sample,0.286110042
Org60_repeat,1,right,K22,K,22,2512,Irinotecan,0.1,uM,Sample,0.386610235
Org60_repeat,1,right,K23,K,23,4614,Media,0,uM,ctrl,0.710119277
Org60_repeat,1,right,K24,K,24,5746,DMSO,0,uM,ctrl,0.884340131
Org60_repeat,1,right,L2,L,2,8854,DMSO,0,uM,ctrl,1.362677953
Org60_repeat,1,right,L3,L,3,2627,Docetaxel,20,uM,Sample,0.40430935
Org60_repeat,1,right,L4,L,4,2291,Docetaxel,10,uM,Sample,0.352597153
Org60_repeat,1,right,L5,L,5,1514,Docetaxel,7.5,uM,Sample,0.233012697
Org60_repeat,1,right,L6,L,6,1130,Docetaxel,5,uM,Sample,0.173913043
Org60_repeat,1,right,L7,L,7,1225,Docetaxel,2,uM,Sample,0.188534052
Org60_repeat,1,right,L8,L,8,1257,Docetaxel,1,uM,Sample,0.193459023
Org60_repeat,1,right,L9,L,9,1627,Docetaxel,0.75,uM,Sample,0.250404002
Org60_repeat,1,right,L13,L,13,3834,Folinic acid,20,uM,Sample,0.590073105
Org60_repeat,1,right,L14,L,14,4058,Folinic acid,10,uM,Sample,0.624547903
Org60_repeat,1,right,L15,L,15,3809,Folinic acid,7.5,uM,Sample,0.586225471
Org60_repeat,1,right,L16,L,16,3827,Folinic acid,5,uM,Sample,0.588995768
Org60_repeat,1,right,L17,L,17,3573,Folinic acid,2,uM,Sample,0.549903809
Org60_repeat,1,right,L18,L,18,3330,Folinic acid,1,uM,Sample,0.51250481
Org60_repeat,1,right,L19,L,19,2444,Folinic acid,0.75,uM,Sample,0.376144671
Org60_repeat,1,right,L20,L,20,3668,Folinic acid,0.5,uM,Sample,0.564524817
Org60_repeat,1,right,L21,L,21,2118,Folinic acid,0.2,uM,Sample,0.325971528
Org60_repeat,1,right,L22,L,22,2054,Folinic acid,0.1,uM,Sample,0.316121585
Org60_repeat,1,right,L23,L,23,2914,DMSO,0,uM,ctrl,0.448480185
Org60_repeat,1,right,L24,L,24,2474,Media,0,uM,ctrl,0.380761831
Org60_repeat,1,right,M2,M,2,9596,DMSO,0,uM,ctrl,1.476875721
Org60_repeat,1,right,M3,M,3,1293,Doxorubicin,20,uM,Sample,0.198999615
Org60_repeat,1,right,M4,M,4,1169,Doxorubicin,10,uM,Sample,0.179915352
Org60_repeat,1,right,M5,M,5,1949,Doxorubicin,7.5,uM,Sample,0.299961524
Org60_repeat,1,right,M6,M,6,3119,Doxorubicin,5,uM,Sample,0.480030781
Org60_repeat,1,right,M7,M,7,5825,Doxorubicin,2,uM,Sample,0.896498653
Org60_repeat,1,right,M8,M,8,11711,Doxorubicin,1,uM,Sample,1.802385533
Org60_repeat,1,right,M9,M,9,9179,Doxorubicin,0.75,uM,Sample,1.412697191
Org60_repeat,1,right,M13,M,13,7113,5-Fluorouracil,20,uM,ctrl,1.094728742
Org60_repeat,1,right,M14,M,14,6979,5-Fluorouracil,10,uM,ctrl,1.074105425
Org60_repeat,1,right,M15,M,15,7128,5-Fluorouracil,7.5,uM,ctrl,1.097037322
Org60_repeat,1,right,M16,M,16,6563,5-Fluorouracil,5,uM,ctrl,1.0100808
Org60_repeat,1,right,M17,M,17,6479,5-Fluorouracil,2,uM,ctrl,0.997152751
Org60_repeat,1,right,M18,M,18,7290,5-Fluorouracil,1,uM,ctrl,1.121969988
Org60_repeat,1,right,M19,M,19,7359,5-Fluorouracil,0.75,uM,ctrl,1.132589457
Org60_repeat,1,right,M20,M,20,7601,5-Fluorouracil,0.5,uM,ctrl,1.169834552
Org60_repeat,1,right,M21,M,21,8074,5-Fluorouracil,0.2,uM,ctrl,1.242631781
Org60_repeat,1,right,M22,M,22,7216,5-Fluorouracil,0.1,uM,ctrl,1.110580993
Org60_repeat,1,right,M23,M,23,9181,DMSO,0,uM,ctrl,1.413005002
Org60_repeat,1,right,M24,M,24,6322,Media,0,uM,ctrl,0.972989611
Org60_repeat,1,right,N2,N,2,10597,DMSO,0,uM,ctrl,1.630934975
Org60_repeat,1,right,N3,N,3,417,Topotecan,20,uM,Sample,0.06417853
Org60_repeat,1,right,N4,N,4,315,Topotecan,10,uM,Sample,0.048480185
Org60_repeat,1,right,N5,N,5,338,Topotecan,7.5,uM,Sample,0.052020008
Org60_repeat,1,right,N6,N,6,486,Topotecan,5,uM,Sample,0.074797999
Org60_repeat,1,right,N7,N,7,626,Topotecan,2,uM,Sample,0.096344748
Org60_repeat,1,right,N8,N,8,982,Topotecan,1,uM,Sample,0.151135052
Org60_repeat,1,right,N9,N,9,1600,Topotecan,0.75,uM,Sample,0.246248557
Org60_repeat,1,right,N13,N,13,830,Gemcitabine,20,uM,Sample,0.127741439
Org60_repeat,1,right,N14,N,14,742,Gemcitabine,10,uM,Sample,0.114197768
Org60_repeat,1,right,N15,N,15,775,Gemcitabine,7.5,uM,Sample,0.119276645
Org60_repeat,1,right,N16,N,16,595,Gemcitabine,5,uM,Sample,0.091573682
Org60_repeat,1,right,N17,N,17,708,Gemcitabine,2,uM,Sample,0.108964987
Org60_repeat,1,right,N18,N,18,807,Gemcitabine,1,uM,Sample,0.124201616
Org60_repeat,1,right,N19,N,19,814,Gemcitabine,0.75,uM,Sample,0.125278953
Org60_repeat,1,right,N20,N,20,914,Gemcitabine,0.5,uM,Sample,0.140669488
Org60_repeat,1,right,N21,N,21,932,Gemcitabine,0.2,uM,Sample,0.143439785
Org60_repeat,1,right,N22,N,22,1224,Gemcitabine,0.1,uM,Sample,0.188380146
Org60_repeat,1,right,N23,N,23,7151,DMSO,0,uM,ctrl,1.100577145
Org60_repeat,1,right,N24,N,24,4698,DMSO,0,uM,ctrl,0.723047326
Org60_repeat,1,right,O2,O,2,11581,Media,0,uM,ctrl,1.782377838
Org60_repeat,1,right,O3,O,3,2210,Cetuximab,20,uM,Sample,0.34013082
Org60_repeat,1,right,O4,O,4,2145,Cetuximab,10,uM,Sample,0.330126972
Org60_repeat,1,right,O5,O,5,1878,Cetuximab,7.5,uM,Sample,0.289034244
Org60_repeat,1,right,O6,O,6,2002,Cetuximab,5,uM,Sample,0.308118507
Org60_repeat,1,right,O7,O,7,1981,Cetuximab,2,uM,Sample,0.304886495
Org60_repeat,1,right,O8,O,8,2794,Cetuximab,1,uM,Sample,0.430011543
Org60_repeat,1,right,O9,O,9,3073,Cetuximab,0.75,uM,Sample,0.472951135
Org60_repeat,1,right,O13,O,13,6237,Erubulin,20,uM,Sample,0.959907657
Org60_repeat,1,right,O14,O,14,5657,Erubulin,10,uM,Sample,0.870642555
Org60_repeat,1,right,O15,O,15,6230,Erubulin,7.5,uM,Sample,0.958830319
Org60_repeat,1,right,O16,O,16,5489,Erubulin,5,uM,Sample,0.844786456
Org60_repeat,1,right,O17,O,17,5415,Erubulin,2,uM,Sample,0.833397461
Org60_repeat,1,right,O18,O,18,5585,Erubulin,1,uM,Sample,0.85956137
Org60_repeat,1,right,O19,O,19,4493,Erubulin,0.75,uM,Sample,0.69149673
Org60_repeat,1,right,O20,O,20,3175,Erubulin,0.5,uM,Sample,0.488649481
Org60_repeat,1,right,O21,O,21,2915,Erubulin,0.2,uM,Sample,0.44863409
Org60_repeat,1,right,O22,O,22,3150,Erubulin,0.1,uM,Sample,0.484801847
Org60_repeat,1,right,O23,O,23,3853,Media,0,uM,ctrl,0.592997307
Org60_repeat,1,right,O24,O,24,3315,DMSO,0,uM,ctrl,0.510196229
Org60_repeat,1,right,P2,P,2,14800,DMSO,0,uM,ctrl,2.277799154
Org60_repeat,1,right,P3,P,3,13123,DMSO,0,uM,ctrl,2.019699885
Org60_repeat,1,right,P4,P,4,13460,Media,0,uM,ctrl,2.071565987
Org60_repeat,1,right,P5,P,5,13695,DMSO,0,uM,ctrl,2.107733744
Org60_repeat,1,right,P6,P,6,12681,DMSO,0,uM,ctrl,1.951673721
Org60_repeat,1,right,P7,P,7,11938,Media,0,uM,ctrl,1.837322047
Org60_repeat,1,right,P8,P,8,11777,DMSO,0,uM,ctrl,1.812543286
Org60_repeat,1,right,P9,P,9,11478,DMSO,0,uM,ctrl,1.766525587
Org60_repeat,1,right,P13,P,13,6582,DMSO,0,uM,ctrl,1.013005002
Org60_repeat,1,right,P14,P,14,6048,Media,0,uM,ctrl,0.930819546
Org60_repeat,1,right,P15,P,15,5926,DMSO,0,uM,ctrl,0.912043093
Org60_repeat,1,right,P16,P,16,6571,DMSO,0,uM,ctrl,1.011312043
Org60_repeat,1,right,P17,P,17,5878,Media,0,uM,ctrl,0.904655637
Org60_repeat,1,right,P18,P,18,6685,DMSO,0,uM,ctrl,1.028857253
Org60_repeat,1,right,P19,P,19,4230,Media,0,uM,ctrl,0.651019623
Org60_repeat,1,right,P20,P,20,3961,DMSO,0,uM,ctrl,0.609619084
Org60_repeat,1,right,P21,P,21,3129,Media,0,uM,ctrl,0.481569835
Org60_repeat,1,right,P22,P,22,3691,Media,0,uM,ctrl,0.56806464
Org60_repeat,1,right,P23,P,23,3433,DMSO,0,uM,ctrl,0.52835706
Org60_repeat,1,right,P24,P,24,2769,DMSO,0,uM,ctrl,0.426163909
